File Name,Dataset,aid,Date,Count,Minimum,Maximum,Range,Mean,Standard Deviation,Variance,Upper Quartile,Upper 1.5 IQR,Median,Lower 1.5 IQR,Lower Quartile
MOD16A3GF_006_ET_500m_doy2010001_aid0001,ET_500m,aid0001,2010-01-01,908.0,978.1,1618.9,"(978.1,1618.9)",1229.7560573,115.5041998,13341.2201726,1297.4,1525.8,1218.1,978.1,1144.275
MOD16A3GF_006_ET_500m_doy2011001_aid0001,ET_500m,aid0001,2011-01-01,908.0,886.3,1563.8,"(886.3,1563.8)",1125.5066079,116.6173017,13599.5950444,1189.725,1415.0,1106.85,886.3,1038.9
MOD16A3GF_006_ET_500m_doy2012001_aid0001,ET_500m,aid0001,2012-01-01,908.0,974.2,1704.7,"(974.2,1704.7)",1260.8156388,114.3628015,13078.8503722,1331.6,1559.5,1247.4,974.2,1176.325
MOD16A3GF_006_ET_500m_doy2013001_aid0001,ET_500m,aid0001,2013-01-01,908.0,991.5,1665.9,"(991.5,1665.9)",1182.5690529,98.5903773,9720.0624894,1243.025,1433.9,1166.3,991.5,1112.25
MOD16A3GF_006_ET_500m_doy2014001_aid0001,ET_500m,aid0001,2014-01-01,908.0,989.2,1689.3,"(989.2,1689.3)",1266.1270925,138.935108,19302.964244,1374.425,1689.3,1242.95,989.2,1155.225
MOD16A3GF_006_ET_500m_doy2015001_aid0001,ET_500m,aid0001,2015-01-01,908.0,895.2,1741.7,"(895.2,1741.7)",1231.4971366,139.0022943,19321.6378112,1318.65,1598.6,1211.2,895.2,1128.65
MOD16A3GF_006_ET_500m_doy2010001_aid0002,ET_500m,aid0002,2010-01-01,2519.0,707.0,1826.9,"(707.0,1826.9)",1185.2178245,131.0398801,17171.4501666,1248.2,1463.0,1167.3,891.4,1104.55
MOD16A3GF_006_ET_500m_doy2011001_aid0002,ET_500m,aid0002,2011-01-01,2519.0,687.3,1728.0,"(687.3,1728.0)",1111.9332672,125.3525236,15713.2551617,1179.15,1402.4,1095.8,813.4,1030.1
MOD16A3GF_006_ET_500m_doy2012001_aid0002,ET_500m,aid0002,2012-01-01,2519.0,716.4,1822.4,"(716.4,1822.4)",1188.6213974,126.547367,16014.2360924,1249.25,1453.4,1173.6,908.8,1112.55
MOD16A3GF_006_ET_500m_doy2013001_aid0002,ET_500m,aid0002,2013-01-01,2519.0,716.2,1746.6,"(716.2,1746.6)",1174.1776499,111.2112008,12367.9311837,1232.75,1418.6,1163.5,922.6,1108.6
MOD16A3GF_006_ET_500m_doy2014001_aid0002,ET_500m,aid0002,2014-01-01,2519.0,680.0,1826.6,"(680.0,1826.6)",1169.2069869,147.2410366,21679.9228571,1241.4,1484.6,1151.5,837.2,1079.15
MOD16A3GF_006_ET_500m_doy2015001_aid0002,ET_500m,aid0002,2015-01-01,2519.0,642.8,1756.8,"(642.8,1756.8)",1128.6572449,147.3676933,21717.2370247,1207.25,1453.3,1117.3,794.4,1041.65
MOD16A3GF_006_ET_500m_doy2010001_aid0003,ET_500m,aid0003,2010-01-01,2591.0,834.6,1879.4,"(834.6,1879.4)",1240.4592821,136.7366296,18696.905872,1317.7,1557.3,1224.6,923.7,1157.7
MOD16A3GF_006_ET_500m_doy2011001_aid0003,ET_500m,aid0003,2011-01-01,2591.0,715.7,1738.5,"(715.7,1738.5)",1136.6105365,132.8735092,17655.369449,1212.65,1447.0,1127.7,823.3,1055.95
MOD16A3GF_006_ET_500m_doy2012001_aid0003,ET_500m,aid0003,2012-01-01,2591.0,779.6,1990.0,"(779.6,1990.0)",1228.9769973,142.9996443,20448.8982744,1307.5,1548.5,1219.8,904.4,1146.0
MOD16A3GF_006_ET_500m_doy2013001_aid0003,ET_500m,aid0003,2013-01-01,2591.0,776.0,1817.5,"(776.0,1817.5)",1195.9007719,129.7738599,16841.2547042,1270.3,1494.9,1185.5,893.4,1119.15
MOD16A3GF_006_ET_500m_doy2014001_aid0003,ET_500m,aid0003,2014-01-01,2591.0,774.2,1911.5,"(774.2,1911.5)",1240.8965264,152.9264677,23386.5045267,1330.3,1608.2,1221.6,865.7,1142.7
MOD16A3GF_006_ET_500m_doy2015001_aid0003,ET_500m,aid0003,2015-01-01,2591.0,658.9,1960.3,"(658.9,1960.3)",1151.6414512,173.4370452,30080.4086562,1253.05,1567.2,1135.3,731.7,1043.45
MOD16A3GF_006_ET_500m_doy2010001_aid0004,ET_500m,aid0004,2010-01-01,966.0,965.3,1819.8,"(965.3,1819.8)",1297.8489648,126.5617944,16017.8877991,1377.175,1632.2,1274.0,965.3,1202.7
MOD16A3GF_006_ET_500m_doy2011001_aid0004,ET_500m,aid0004,2011-01-01,966.0,965.6,1667.1,"(965.6,1667.1)",1217.4983437,114.1388683,13027.6812602,1280.15,1496.0,1199.9,965.6,1133.0
MOD16A3GF_006_ET_500m_doy2012001_aid0004,ET_500m,aid0004,2012-01-01,966.0,972.0,1802.5,"(972.0,1802.5)",1290.260559,123.3833574,15223.4528854,1362.575,1603.5,1271.3,972.0,1198.7
MOD16A3GF_006_ET_500m_doy2013001_aid0004,ET_500m,aid0004,2013-01-01,966.0,992.4,1761.9,"(992.4,1761.9)",1234.0428571,102.8946015,10587.2990121,1293.3,1491.9,1216.7,992.4,1159.175
MOD16A3GF_006_ET_500m_doy2014001_aid0004,ET_500m,aid0004,2014-01-01,966.0,914.1,1825.4,"(914.1,1825.4)",1331.5015528,152.76051,23335.7734034,1434.7,1767.3,1311.8,914.1,1208.525
MOD16A3GF_006_ET_500m_doy2015001_aid0004,ET_500m,aid0004,2015-01-01,966.0,872.6,1817.0,"(872.6,1817.0)",1261.539441,153.5454164,23576.1948937,1358.175,1676.3,1234.2,872.6,1141.975
MOD16A3GF_006_ET_500m_doy2010001_aid0005,ET_500m,aid0005,2010-01-01,1813.0,855.4,1954.0,"(855.4,1954.0)",1267.0938224,142.7228754,20369.8191565,1350.2,1593.7,1252.7,939.5,1185.8
MOD16A3GF_006_ET_500m_doy2011001_aid0005,ET_500m,aid0005,2011-01-01,1813.0,775.8,1897.1,"(775.8,1897.1)",1188.1542195,144.8592921,20984.2145065,1263.0,1491.6,1180.3,877.9,1108.7
MOD16A3GF_006_ET_500m_doy2012001_aid0005,ET_500m,aid0005,2012-01-01,1813.0,792.5,1987.1,"(792.5,1987.1)",1257.4423607,152.067857,23124.6331201,1338.3,1577.6,1251.7,932.8,1175.8
MOD16A3GF_006_ET_500m_doy2013001_aid0005,ET_500m,aid0005,2013-01-01,1813.0,834.5,1859.8,"(834.5,1859.8)",1222.9847766,123.9963616,15375.0976943,1294.9,1501.0,1216.0,950.4,1155.1
MOD16A3GF_006_ET_500m_doy2014001_aid0005,ET_500m,aid0005,2014-01-01,1813.0,852.7,2031.3,"(852.7,2031.3)",1293.6364038,169.1835997,28623.0904233,1392.0,1696.7,1270.9,882.8,1188.0
MOD16A3GF_006_ET_500m_doy2015001_aid0005,ET_500m,aid0005,2015-01-01,1813.0,672.9,2067.2,"(672.9,2067.2)",1212.7830667,184.6102542,34080.9459626,1308.5,1602.4,1200.6,814.1,1109.3
MOD16A3GF_006_ET_500m_doy2010001_aid0006,ET_500m,aid0006,2010-01-01,1503.0,752.9,1804.0,"(752.9,1804.0)",1166.1968064,159.4334815,25419.0350131,1259.05,1567.2,1143.2,752.9,1053.55
MOD16A3GF_006_ET_500m_doy2011001_aid0006,ET_500m,aid0006,2011-01-01,1503.0,745.3,1905.8,"(745.3,1905.8)",1100.7169661,147.6174102,21790.8997986,1178.7,1444.9,1073.2,745.3,1000.9
MOD16A3GF_006_ET_500m_doy2012001_aid0006,ET_500m,aid0006,2012-01-01,1503.0,763.3,1817.5,"(763.3,1817.5)",1162.1499667,144.9924406,21022.8078227,1230.05,1470.3,1136.6,842.4,1067.25
MOD16A3GF_006_ET_500m_doy2013001_aid0006,ET_500m,aid0006,2013-01-01,1503.0,739.2,1846.0,"(739.2,1846.0)",1167.1401863,139.4245659,19439.209576,1238.55,1478.5,1144.6,838.9,1077.75
MOD16A3GF_006_ET_500m_doy2014001_aid0006,ET_500m,aid0006,2014-01-01,1503.0,684.2,1967.4,"(684.2,1967.4)",1169.0622089,177.1030011,31365.472983,1269.2,1598.0,1135.1,748.2,1049.2
MOD16A3GF_006_ET_500m_doy2015001_aid0006,ET_500m,aid0006,2015-01-01,1503.0,652.3,1762.2,"(652.3,1762.2)",1110.7365269,156.1609932,24386.2557982,1178.55,1430.3,1085.8,758.6,1010.4
MOD16A3GF_006_ET_500m_doy2010001_aid0007,ET_500m,aid0007,2010-01-01,1068.0,990.0,1872.3,"(990.0,1872.3)",1200.3649813,96.7084908,9352.5322007,1241.35,1389.8,1186.75,990.0,1138.05
MOD16A3GF_006_ET_500m_doy2011001_aid0007,ET_500m,aid0007,2011-01-01,1068.0,816.3,1658.9,"(816.3,1658.9)",1102.7364232,90.3204229,8157.7787951,1148.45,1300.8,1094.65,890.9,1042.9
MOD16A3GF_006_ET_500m_doy2012001_aid0007,ET_500m,aid0007,2012-01-01,1068.0,933.7,1925.8,"(933.7,1925.8)",1199.2639513,106.0424111,11244.9929421,1250.65,1422.3,1187.1,973.0,1134.7
MOD16A3GF_006_ET_500m_doy2013001_aid0007,ET_500m,aid0007,2013-01-01,1068.0,933.1,1674.8,"(933.1,1674.8)",1163.6600187,91.2637316,8329.0687105,1206.2,1353.6,1153.95,963.1,1107.8
MOD16A3GF_006_ET_500m_doy2014001_aid0007,ET_500m,aid0007,2014-01-01,1068.0,952.1,1926.7,"(952.1,1926.7)",1198.0852996,102.955369,10599.8080142,1241.4,1401.4,1182.6,996.2,1134.725
MOD16A3GF_006_ET_500m_doy2015001_aid0007,ET_500m,aid0007,2015-01-01,1068.0,833.8,1793.9,"(833.8,1793.9)",1113.6981273,113.6028771,12905.6136856,1172.825,1364.2,1101.0,841.3,1037.975
MOD16A3GF_006_ET_500m_doy2010001_aid0008,ET_500m,aid0008,2010-01-01,529.0,663.5,1566.8,"(663.5,1566.8)",1136.2516068,127.3818404,16226.1332725,1211.6,1449.7,1133.2,844.6,1052.7
MOD16A3GF_006_ET_500m_doy2011001_aid0008,ET_500m,aid0008,2011-01-01,529.0,651.3,1601.6,"(651.3,1601.6)",1119.4194707,123.1042198,15154.6489404,1193.4,1421.7,1106.9,820.2,1040.3
MOD16A3GF_006_ET_500m_doy2012001_aid0008,ET_500m,aid0008,2012-01-01,529.0,653.8,1612.7,"(653.8,1612.7)",1159.2960302,122.1896184,14930.3028387,1231.7,1434.9,1154.4,886.6,1087.4
MOD16A3GF_006_ET_500m_doy2013001_aid0008,ET_500m,aid0008,2013-01-01,529.0,682.8,1577.3,"(682.8,1577.3)",1156.0323251,116.3637613,13540.5249475,1232.4,1440.4,1150.5,869.5,1086.3
MOD16A3GF_006_ET_500m_doy2014001_aid0008,ET_500m,aid0008,2014-01-01,529.0,610.4,1684.3,"(610.4,1684.3)",1130.1442344,145.8351571,21267.8930528,1225.5,1504.6,1129.5,769.2,1034.2
MOD16A3GF_006_ET_500m_doy2015001_aid0008,ET_500m,aid0008,2015-01-01,529.0,581.8,1584.5,"(581.8,1584.5)",1084.6880907,132.5816327,17577.8893289,1161.0,1384.7,1086.6,778.6,1007.6
MOD16A3GF_006_ET_500m_doy2010001_aid0009,ET_500m,aid0009,2010-01-01,1084.0,864.0,1753.9,"(864.0,1753.9)",1211.2878229,121.5226108,14767.744944,1277.9,1499.1,1199.55,915.5,1130.375
MOD16A3GF_006_ET_500m_doy2011001_aid0009,ET_500m,aid0009,2011-01-01,1084.0,834.1,1806.3,"(834.1,1806.3)",1167.8628229,117.5129486,13809.293092,1235.525,1452.3,1157.4,885.5,1090.875
MOD16A3GF_006_ET_500m_doy2012001_aid0009,ET_500m,aid0009,2012-01-01,1084.0,863.1,1755.0,"(863.1,1755.0)",1208.3940037,128.3181991,16465.5602316,1273.5,1500.1,1190.6,900.6,1121.725
MOD16A3GF_006_ET_500m_doy2013001_aid0009,ET_500m,aid0009,2013-01-01,1084.0,852.8,1743.4,"(852.8,1743.4)",1195.5360701,111.0600968,12334.3451104,1253.125,1441.1,1182.3,936.3,1125.7
MOD16A3GF_006_ET_500m_doy2014001_aid0009,ET_500m,aid0009,2014-01-01,1084.0,804.2,1850.5,"(804.2,1850.5)",1189.1259225,141.3860374,19990.0115697,1270.825,1528.1,1168.55,840.4,1095.55
MOD16A3GF_006_ET_500m_doy2015001_aid0009,ET_500m,aid0009,2015-01-01,1084.0,730.0,1820.5,"(730.0,1820.5)",1155.0315498,126.3889966,15974.1784696,1218.35,1431.6,1138.9,859.6,1074.625
MOD16A3GF_006_ET_500m_doy2010001_aid0010,ET_500m,aid0010,2010-01-01,1323.0,829.5,1872.3,"(829.5,1872.3)",1182.2401361,122.0844391,14904.6102636,1221.85,1396.0,1154.3,937.7,1105.7
MOD16A3GF_006_ET_500m_doy2011001_aid0010,ET_500m,aid0010,2011-01-01,1323.0,741.4,1658.9,"(741.4,1658.9)",1068.6653817,105.9353379,11222.2958084,1125.5,1317.6,1060.1,816.3,996.1
MOD16A3GF_006_ET_500m_doy2012001_aid0010,ET_500m,aid0010,2012-01-01,1323.0,819.9,1925.8,"(819.9,1925.8)",1175.4960695,113.2951003,12835.7797578,1230.25,1423.4,1158.1,944.6,1100.6
MOD16A3GF_006_ET_500m_doy2013001_aid0010,ET_500m,aid0010,2013-01-01,1323.0,791.5,1715.4,"(791.5,1715.4)",1127.024641,105.9246127,11220.0235803,1179.7,1359.5,1114.2,881.9,1059.8
MOD16A3GF_006_ET_500m_doy2014001_aid0010,ET_500m,aid0010,2014-01-01,1323.0,798.2,1926.7,"(798.2,1926.7)",1165.8832955,112.8123799,12726.6330619,1225.2,1428.0,1151.4,892.9,1089.75
MOD16A3GF_006_ET_500m_doy2015001_aid0010,ET_500m,aid0010,2015-01-01,1323.0,647.7,1793.9,"(647.7,1793.9)",1073.6587302,126.755391,16066.9291358,1131.7,1337.2,1054.5,794.0,994.05
MOD16A3GF_006_ET_500m_doy2010001_aid0011,ET_500m,aid0011,2010-01-01,4065.0,855.1,2035.2,"(855.1,2035.2)",1217.5488807,122.6843503,15051.4498001,1278.3,1486.3,1199.6,931.3,1139.0
MOD16A3GF_006_ET_500m_doy2011001_aid0011,ET_500m,aid0011,2011-01-01,4065.0,800.6,1892.5,"(800.6,1892.5)",1155.4190898,114.1968301,13040.9160046,1209.8,1399.2,1140.1,894.9,1082.9
MOD16A3GF_006_ET_500m_doy2012001_aid0011,ET_500m,aid0011,2012-01-01,4065.0,832.5,2008.5,"(832.5,2008.5)",1157.0138745,119.2822308,14228.2505873,1211.1,1404.2,1138.0,889.3,1082.2
MOD16A3GF_006_ET_500m_doy2013001_aid0011,ET_500m,aid0011,2013-01-01,4065.0,833.9,1862.8,"(833.9,1862.8)",1195.5707995,107.6355803,11585.4181559,1250.4,1435.3,1182.2,946.3,1127.1
MOD16A3GF_006_ET_500m_doy2014001_aid0011,ET_500m,aid0011,2014-01-01,4065.0,727.4,2138.2,"(727.4,2138.2)",1163.7134563,143.4541702,20579.0989407,1232.2,1477.9,1141.7,826.7,1068.4
MOD16A3GF_006_ET_500m_doy2015001_aid0011,ET_500m,aid0011,2015-01-01,4065.0,679.1,2089.3,"(679.1,2089.3)",1063.0400246,152.6497118,23301.9345235,1145.0,1422.8,1047.7,680.1,959.0
MOD16A3GF_006_ET_500m_doy2010001_aid0012,ET_500m,aid0012,2010-01-01,4617.0,724.2,1923.7,"(724.2,1923.7)",1232.1997618,158.862607,25237.3279163,1324.5,1630.7,1214.3,813.4,1120.0
MOD16A3GF_006_ET_500m_doy2011001_aid0012,ET_500m,aid0012,2011-01-01,4617.0,719.5,1907.4,"(719.5,1907.4)",1180.9868313,152.8204314,23354.084258,1272.0,1566.0,1164.4,780.3,1074.5
MOD16A3GF_006_ET_500m_doy2012001_aid0012,ET_500m,aid0012,2012-01-01,4617.0,716.0,1915.9,"(716.0,1915.9)",1229.7461555,156.1527108,24383.6690956,1323.4,1635.4,1214.7,803.7,1115.0
MOD16A3GF_006_ET_500m_doy2013001_aid0012,ET_500m,aid0012,2013-01-01,4617.0,711.7,1957.1,"(711.7,1957.1)",1224.239008,150.315075,22594.6217857,1313.7,1608.1,1202.5,825.7,1117.3
MOD16A3GF_006_ET_500m_doy2014001_aid0012,ET_500m,aid0012,2014-01-01,4617.0,658.0,1897.3,"(658.0,1897.3)",1195.6450726,203.0178188,41216.2347564,1318.2,1722.2,1177.0,658.0,1047.6
MOD16A3GF_006_ET_500m_doy2015001_aid0012,ET_500m,aid0012,2015-01-01,4617.0,616.5,1923.7,"(616.5,1923.7)",1139.5591293,194.8703504,37974.4534758,1248.4,1604.9,1123.3,658.3,1010.1
MOD16A3GF_006_ET_500m_doy2010001_aid0013,ET_500m,aid0013,2010-01-01,3626.0,885.2,2006.5,"(885.2,2006.5)",1255.9983453,137.7151426,18965.4604992,1334.625,1599.1,1230.4,900.1,1156.225
MOD16A3GF_006_ET_500m_doy2011001_aid0013,ET_500m,aid0013,2011-01-01,3626.0,738.2,1769.4,"(738.2,1769.4)",1170.8369829,112.0774912,12561.3640404,1234.575,1444.9,1153.65,883.8,1094.1
MOD16A3GF_006_ET_500m_doy2012001_aid0013,ET_500m,aid0013,2012-01-01,3626.0,799.0,1981.4,"(799.0,1981.4)",1235.7104247,139.0175499,19325.8791853,1319.55,1588.4,1207.7,871.8,1134.525
MOD16A3GF_006_ET_500m_doy2013001_aid0013,ET_500m,aid0013,2013-01-01,3626.0,798.1,1766.2,"(798.1,1766.2)",1216.0720077,109.0878831,11900.1662352,1279.875,1493.7,1199.8,927.4,1137.225
MOD16A3GF_006_ET_500m_doy2014001_aid0013,ET_500m,aid0013,2014-01-01,3626.0,828.1,1984.6,"(828.1,1984.6)",1260.3811362,145.67453,21221.0686789,1350.175,1646.9,1235.9,888.5,1151.7
MOD16A3GF_006_ET_500m_doy2015001_aid0013,ET_500m,aid0013,2015-01-01,3626.0,684.3,2019.3,"(684.3,2019.3)",1170.9761169,163.8132669,26834.786418,1263.65,1578.9,1145.35,758.5,1050.925
MOD16A3GF_006_ET_500m_doy2010001_aid0014,ET_500m,aid0014,2010-01-01,1773.0,923.5,1838.3,"(923.5,1838.3)",1298.6109983,133.9372844,17939.1961509,1381.4,1647.9,1281.6,960.7,1202.3
MOD16A3GF_006_ET_500m_doy2011001_aid0014,ET_500m,aid0014,2011-01-01,1773.0,882.8,1741.4,"(882.8,1741.4)",1245.8393683,132.3969876,17528.9623306,1321.8,1567.1,1227.4,914.6,1153.6
MOD16A3GF_006_ET_500m_doy2012001_aid0014,ET_500m,aid0014,2012-01-01,1773.0,839.4,1828.8,"(839.4,1828.8)",1261.0288212,140.5308548,19748.921149,1334.0,1586.4,1242.9,937.6,1165.0
MOD16A3GF_006_ET_500m_doy2013001_aid0014,ET_500m,aid0014,2013-01-01,1773.0,888.5,1698.2,"(888.5,1698.2)",1261.9741117,127.2860212,16201.731191,1336.4,1577.6,1247.3,936.9,1174.3
MOD16A3GF_006_ET_500m_doy2014001_aid0014,ET_500m,aid0014,2014-01-01,1773.0,803.5,2014.9,"(803.5,2014.9)",1264.5362098,168.9413979,28541.1959252,1358.7,1678.5,1241.7,870.5,1142.1
MOD16A3GF_006_ET_500m_doy2015001_aid0014,ET_500m,aid0014,2015-01-01,1773.0,675.9,1751.3,"(675.9,1751.3)",1110.0320361,180.0127804,32404.6011057,1205.0,1520.8,1089.0,675.9,990.4
MOD16A3GF_006_ET_500m_doy2010001_aid0015,ET_500m,aid0015,2010-01-01,901.0,840.6,1683.5,"(840.6,1683.5)",1222.5681465,112.30588,12612.6106724,1283.5,1478.3,1220.5,958.2,1152.4
MOD16A3GF_006_ET_500m_doy2011001_aid0015,ET_500m,aid0015,2011-01-01,901.0,823.9,1646.5,"(823.9,1646.5)",1183.436515,103.4321232,10698.2041162,1242.4,1424.3,1178.6,936.8,1118.9
MOD16A3GF_006_ET_500m_doy2012001_aid0015,ET_500m,aid0015,2012-01-01,901.0,761.1,1609.0,"(761.1,1609.0)",1159.0534961,112.0596904,12557.3742081,1226.3,1419.4,1155.1,893.2,1089.4
MOD16A3GF_006_ET_500m_doy2013001_aid0015,ET_500m,aid0015,2013-01-01,901.0,815.9,1535.2,"(815.9,1535.2)",1182.8338513,102.1265448,10429.8311626,1240.4,1407.1,1179.9,948.3,1123.5
MOD16A3GF_006_ET_500m_doy2014001_aid0015,ET_500m,aid0015,2014-01-01,901.0,747.4,1611.8,"(747.4,1611.8)",1155.8350721,125.1897646,15672.4771717,1224.0,1444.7,1144.4,859.0,1073.2
MOD16A3GF_006_ET_500m_doy2015001_aid0015,ET_500m,aid0015,2015-01-01,901.0,540.9,1591.2,"(540.9,1591.2)",1001.4774695,135.7998287,18441.5934879,1077.3,1313.1,997.1,684.8,919.8
MOD16A3GF_006_ET_500m_doy2010001_aid0016,ET_500m,aid0016,2010-01-01,3546.0,817.1,1966.0,"(817.1,1966.0)",1295.8836717,136.0357088,18505.7140566,1378.2,1644.8,1278.4,935.2,1200.0
MOD16A3GF_006_ET_500m_doy2011001_aid0016,ET_500m,aid0016,2011-01-01,3546.0,803.6,1868.0,"(803.6,1868.0)",1244.1873942,121.1022014,14665.7431885,1321.675,1559.5,1237.2,932.3,1161.875
MOD16A3GF_006_ET_500m_doy2012001_aid0016,ET_500m,aid0016,2012-01-01,3546.0,803.6,1985.8,"(803.6,1985.8)",1292.4999154,134.8599429,18187.2041991,1374.175,1640.0,1279.3,932.4,1196.2
MOD16A3GF_006_ET_500m_doy2013001_aid0016,ET_500m,aid0016,2013-01-01,3546.0,816.3,1863.8,"(816.3,1863.8)",1284.5835871,120.5812747,14539.8438197,1360.4,1598.1,1279.0,964.4,1201.525
MOD16A3GF_006_ET_500m_doy2014001_aid0016,ET_500m,aid0016,2014-01-01,3546.0,764.7,1984.6,"(764.7,1984.6)",1326.8365482,150.5616635,22668.8145131,1421.5,1721.1,1312.0,919.8,1220.725
MOD16A3GF_006_ET_500m_doy2015001_aid0016,ET_500m,aid0016,2015-01-01,3546.0,635.5,2024.6,"(635.5,2024.6)",1206.3282572,184.4234483,34012.0082709,1314.775,1662.2,1185.75,723.0,1077.825
MOD16A3GF_006_ET_500m_doy2010001_aid0017,ET_500m,aid0017,2010-01-01,4442.0,670.3,1896.0,"(670.3,1896.0)",1228.3916254,166.9785013,27881.8199029,1319.75,1616.5,1214.1,829.2,1121.725
MOD16A3GF_006_ET_500m_doy2011001_aid0017,ET_500m,aid0017,2011-01-01,4442.0,677.2,1928.0,"(677.2,1928.0)",1197.9458802,145.4744521,21162.8162201,1277.85,1525.6,1191.4,860.7,1110.7
MOD16A3GF_006_ET_500m_doy2012001_aid0017,ET_500m,aid0017,2012-01-01,4442.0,687.3,1968.0,"(687.3,1968.0)",1221.1639352,154.4915278,23867.6321662,1309.775,1585.5,1212.9,846.8,1124.425
MOD16A3GF_006_ET_500m_doy2013001_aid0017,ET_500m,aid0017,2013-01-01,4442.0,692.2,1932.5,"(692.2,1932.5)",1231.4086673,146.323722,21410.6316066,1315.3,1570.0,1223.9,890.5,1145.325
MOD16A3GF_006_ET_500m_doy2014001_aid0017,ET_500m,aid0017,2014-01-01,4442.0,615.6,1937.1,"(615.6,1937.1)",1211.5294912,190.7067326,36369.0578561,1324.975,1679.6,1194.25,735.1,1088.5
MOD16A3GF_006_ET_500m_doy2015001_aid0017,ET_500m,aid0017,2015-01-01,4442.0,524.7,1951.9,"(524.7,1951.9)",1053.9169293,205.3054584,42150.3312397,1174.775,1573.9,1023.8,524.7,908.4
MOD16A3GF_006_ET_500m_doy2010001_aid0018,ET_500m,aid0018,2010-01-01,1893.0,791.2,1871.3,"(791.2,1871.3)",1180.0354992,172.8337012,29871.4882591,1287.8,1629.6,1151.0,791.2,1056.2
MOD16A3GF_006_ET_500m_doy2011001_aid0018,ET_500m,aid0018,2011-01-01,1893.0,688.6,1775.3,"(688.6,1775.3)",1076.7143159,134.3237654,18042.8739472,1160.1,1425.1,1066.9,713.2,980.3
MOD16A3GF_006_ET_500m_doy2012001_aid0018,ET_500m,aid0018,2012-01-01,1893.0,765.8,1636.5,"(765.8,1636.5)",1139.0741152,147.8067069,21846.8226158,1231.9,1522.3,1119.8,765.8,1035.7
MOD16A3GF_006_ET_500m_doy2013001_aid0018,ET_500m,aid0018,2013-01-01,1893.0,748.2,1800.9,"(748.2,1800.9)",1152.9772319,137.9756808,19037.2884885,1239.1,1511.7,1135.5,782.1,1054.6
MOD16A3GF_006_ET_500m_doy2014001_aid0018,ET_500m,aid0018,2014-01-01,1893.0,752.8,1811.8,"(752.8,1811.8)",1182.306075,173.0387631,29942.4135341,1288.4,1629.3,1160.3,752.8,1056.8
MOD16A3GF_006_ET_500m_doy2015001_aid0018,ET_500m,aid0018,2015-01-01,1893.0,628.4,1690.5,"(628.4,1690.5)",1102.2505547,178.3604831,31812.4619186,1206.6,1551.3,1081.2,644.5,975.6
MOD16A3GF_006_ET_500m_doy2010001_aid0019,ET_500m,aid0019,2010-01-01,1970.0,937.0,1843.6,"(937.0,1843.6)",1313.9693401,139.2171241,19381.4076387,1434.625,1785.1,1301.2,937.0,1197.9
MOD16A3GF_006_ET_500m_doy2011001_aid0019,ET_500m,aid0019,2011-01-01,1970.0,889.5,1610.7,"(889.5,1610.7)",1230.3368528,114.5011954,13110.5237485,1314.825,1559.8,1225.05,931.8,1146.2
MOD16A3GF_006_ET_500m_doy2012001_aid0019,ET_500m,aid0019,2012-01-01,1970.0,891.6,1704.6,"(891.6,1704.6)",1294.3601523,139.5458758,19473.0514528,1411.575,1704.6,1280.0,891.6,1181.975
MOD16A3GF_006_ET_500m_doy2013001_aid0019,ET_500m,aid0019,2013-01-01,1970.0,936.2,1750.3,"(936.2,1750.3)",1288.2283756,112.451016,12645.2309969,1366.6,1593.5,1289.1,990.1,1210.475
MOD16A3GF_006_ET_500m_doy2014001_aid0019,ET_500m,aid0019,2014-01-01,1970.0,896.1,1849.4,"(896.1,1849.4)",1362.3576142,154.3557559,23825.6993862,1496.7,1849.4,1341.6,896.1,1240.6
MOD16A3GF_006_ET_500m_doy2015001_aid0019,ET_500m,aid0019,2015-01-01,1970.0,737.4,1734.3,"(737.4,1734.3)",1265.9025888,176.8120592,31262.5042623,1422.1,1734.3,1246.55,737.4,1120.85
MOD16A3GF_006_ET_500m_doy2010001_aid0020,ET_500m,aid0020,2010-01-01,1239.0,712.8,1837.1,"(712.8,1837.1)",1205.1200969,162.5727064,26429.8848504,1274.2,1545.3,1174.0,828.6,1093.35
MOD16A3GF_006_ET_500m_doy2011001_aid0020,ET_500m,aid0020,2011-01-01,1239.0,725.7,1791.9,"(725.7,1791.9)",1183.0267958,143.7477956,20663.4287412,1247.75,1488.5,1155.3,856.5,1086.4
MOD16A3GF_006_ET_500m_doy2012001_aid0020,ET_500m,aid0020,2012-01-01,1239.0,738.4,1742.5,"(738.4,1742.5)",1231.8162228,149.5559934,22366.9951606,1295.65,1538.5,1209.5,909.8,1132.8
MOD16A3GF_006_ET_500m_doy2013001_aid0020,ET_500m,aid0020,2013-01-01,1239.0,743.0,1707.2,"(743.0,1707.2)",1229.9026634,136.5240137,18638.8063125,1289.05,1512.0,1206.0,928.8,1139.95
MOD16A3GF_006_ET_500m_doy2014001_aid0020,ET_500m,aid0020,2014-01-01,1239.0,643.8,2027.7,"(643.8,2027.7)",1168.2936239,203.3487451,41350.7121224,1239.35,1553.4,1123.5,718.5,1029.05
MOD16A3GF_006_ET_500m_doy2015001_aid0020,ET_500m,aid0020,2015-01-01,1239.0,550.4,1840.3,"(550.4,1840.3)",1025.6318805,227.8910659,51934.3379263,1111.65,1474.8,982.7,550.4,869.1
MOD16A3GF_006_ET_500m_doy2010001_aid0021,ET_500m,aid0021,2010-01-01,3070.0,606.6,1881.3,"(606.6,1881.3)",972.754202,171.4528524,29396.0805801,1059.7,1361.9,941.3,606.6,858.125
MOD16A3GF_006_ET_500m_doy2011001_aid0021,ET_500m,aid0021,2011-01-01,3070.0,679.1,1834.9,"(679.1,1834.9)",1000.0676221,143.5855819,20616.819323,1067.85,1299.0,981.5,681.1,913.1
MOD16A3GF_006_ET_500m_doy2012001_aid0021,ET_500m,aid0021,2012-01-01,3070.0,665.4,1705.9,"(665.4,1705.9)",1030.757557,164.0829269,26923.2069119,1119.55,1411.7,1007.9,665.4,921.525
MOD16A3GF_006_ET_500m_doy2013001_aid0021,ET_500m,aid0021,2013-01-01,3070.0,647.6,1782.0,"(647.6,1782.0)",1043.3793811,156.2783015,24422.907526,1116.05,1357.0,1032.55,715.0,954.975
MOD16A3GF_006_ET_500m_doy2014001_aid0021,ET_500m,aid0021,2014-01-01,3070.0,528.7,1975.5,"(528.7,1975.5)",901.9911401,183.7962203,33781.0505795,988.05,1295.1,865.1,528.7,782.8
MOD16A3GF_006_ET_500m_doy2015001_aid0021,ET_500m,aid0021,2015-01-01,3070.0,474.6,1663.0,"(474.6,1663.0)",845.4253746,182.2171074,33203.0742128,949.975,1299.4,816.1,474.6,716.8
MOD16A3GF_006_ET_500m_doy2010001_aid0022,ET_500m,aid0022,2010-01-01,4982.0,747.1,1942.8,"(747.1,1942.8)",1104.308049,121.699735,14810.8255093,1169.675,1392.8,1088.75,797.5,1020.5
MOD16A3GF_006_ET_500m_doy2011001_aid0022,ET_500m,aid0022,2011-01-01,4982.0,734.6,1775.3,"(734.6,1775.3)",1015.5512244,109.2277227,11930.695409,1073.925,1272.8,999.6,750.3,940.3
MOD16A3GF_006_ET_500m_doy2012001_aid0022,ET_500m,aid0022,2012-01-01,4982.0,718.6,1932.6,"(718.6,1932.6)",1043.8682457,133.7216935,17881.491312,1124.3,1388.7,1032.7,718.6,947.1
MOD16A3GF_006_ET_500m_doy2013001_aid0022,ET_500m,aid0022,2013-01-01,4982.0,775.0,1837.2,"(775.0,1837.2)",1071.501385,105.9329108,11221.7815858,1126.575,1315.6,1056.3,813.4,1000.1
MOD16A3GF_006_ET_500m_doy2014001_aid0022,ET_500m,aid0022,2014-01-01,4982.0,745.6,1953.0,"(745.6,1953.0)",1074.8948414,133.0684072,17707.2009951,1145.85,1390.0,1059.0,745.6,982.725
MOD16A3GF_006_ET_500m_doy2015001_aid0022,ET_500m,aid0022,2015-01-01,4982.0,536.3,2038.1,"(536.3,2038.1)",950.0726616,149.4615294,22338.7487829,1036.3,1320.9,928.35,569.0,845.925
MOD16A3GF_006_ET_500m_doy2010001_aid0023,ET_500m,aid0023,2010-01-01,1029.0,816.6,1866.7,"(816.6,1866.7)",1297.6413994,158.1563748,25013.4388886,1434.3,1785.1,1288.0,816.6,1170.5
MOD16A3GF_006_ET_500m_doy2011001_aid0023,ET_500m,aid0023,2011-01-01,1029.0,816.8,1771.0,"(816.8,1771.0)",1192.3900875,142.9649516,20438.9773945,1307.1,1610.7,1180.8,816.8,1089.2
MOD16A3GF_006_ET_500m_doy2012001_aid0023,ET_500m,aid0023,2012-01-01,1029.0,802.5,1820.8,"(802.5,1820.8)",1292.2259475,153.2449681,23484.02025,1428.0,1790.3,1284.8,802.5,1171.4
MOD16A3GF_006_ET_500m_doy2013001_aid0023,ET_500m,aid0023,2013-01-01,1029.0,819.1,1792.4,"(819.1,1792.4)",1271.876482,152.8417517,23360.6010601,1392.0,1706.6,1269.5,819.1,1156.3
MOD16A3GF_006_ET_500m_doy2014001_aid0023,ET_500m,aid0023,2014-01-01,1029.0,792.2,1900.7,"(792.2,1900.7)",1323.3734694,168.0468403,28239.7405303,1469.8,1822.6,1313.5,792.2,1195.4
MOD16A3GF_006_ET_500m_doy2015001_aid0023,ET_500m,aid0023,2015-01-01,1029.0,675.1,1873.8,"(675.1,1873.8)",1264.633139,177.0070746,31331.5044509,1401.7,1775.0,1253.8,741.9,1137.2
MOD16A3GF_006_ET_500m_doy2010001_aid0024,ET_500m,aid0024,2010-01-01,2851.0,665.2,1861.6,"(665.2,1861.6)",1020.2471063,199.9392793,39975.7154064,1138.6,1542.9,1004.3,665.2,866.0
MOD16A3GF_006_ET_500m_doy2011001_aid0024,ET_500m,aid0024,2011-01-01,2851.0,693.3,1740.6,"(693.3,1740.6)",1031.5708874,181.06503,32784.5450942,1135.2,1499.1,1016.2,693.3,891.95
MOD16A3GF_006_ET_500m_doy2012001_aid0024,ET_500m,aid0024,2012-01-01,2851.0,718.3,1779.0,"(718.3,1779.0)",1084.8517362,197.1940381,38885.4886632,1208.25,1617.8,1069.7,718.3,934.9
MOD16A3GF_006_ET_500m_doy2013001_aid0024,ET_500m,aid0024,2013-01-01,2851.0,712.0,1847.7,"(712.0,1847.7)",1079.2834795,194.9734562,38014.6486187,1188.25,1575.3,1063.5,712.0,929.35
MOD16A3GF_006_ET_500m_doy2014001_aid0024,ET_500m,aid0024,2014-01-01,2851.0,602.3,1891.8,"(602.3,1891.8)",978.0206243,202.4905167,41002.4093466,1080.2,1439.3,955.4,602.3,836.6
MOD16A3GF_006_ET_500m_doy2015001_aid0024,ET_500m,aid0024,2015-01-01,2851.0,476.0,1713.5,"(476.0,1713.5)",932.8676955,228.3258596,52132.6981532,1062.4,1509.7,910.9,476.0,760.6
MOD16A3GF_006_ET_500m_doy2010001_aid0025,ET_500m,aid0025,2010-01-01,2437.0,834.9,1944.7,"(834.9,1944.7)",1074.587936,100.8544296,10171.6159726,1131.0,1318.8,1061.1,834.9,1005.8
MOD16A3GF_006_ET_500m_doy2011001_aid0025,ET_500m,aid0025,2011-01-01,2437.0,728.0,1876.0,"(728.0,1876.0)",1019.2008617,108.7900733,11835.2800444,1079.7,1281.4,1005.7,757.3,943.7
MOD16A3GF_006_ET_500m_doy2012001_aid0025,ET_500m,aid0025,2012-01-01,2437.0,713.9,1879.4,"(713.9,1879.4)",998.4945425,118.1245705,13953.4141557,1064.6,1277.7,984.5,713.9,921.4
MOD16A3GF_006_ET_500m_doy2013001_aid0025,ET_500m,aid0025,2013-01-01,2437.0,738.8,1784.4,"(738.8,1784.4)",1026.3278621,88.3191708,7800.2759369,1079.8,1250.8,1020.6,797.4,965.2
MOD16A3GF_006_ET_500m_doy2014001_aid0025,ET_500m,aid0025,2014-01-01,2437.0,799.4,2057.7,"(799.4,2057.7)",1086.9441937,118.6010561,14066.2105172,1151.5,1369.8,1071.9,799.4,1004.3
MOD16A3GF_006_ET_500m_doy2015001_aid0025,ET_500m,aid0025,2015-01-01,2437.0,587.4,1907.4,"(587.4,1907.4)",902.33611,111.969285,12537.1207806,961.4,1160.1,888.7,634.5,828.7
MOD16A3GF_006_ET_500m_doy2010001_aid0026,ET_500m,aid0026,2010-01-01,4849.0,516.6,1616.6,"(516.6,1616.6)",994.7152815,137.3036814,18852.3009152,1067.8,1303.9,981.4,671.6,909.0
MOD16A3GF_006_ET_500m_doy2011001_aid0026,ET_500m,aid0026,2011-01-01,4849.0,567.5,1626.6,"(567.5,1626.6)",999.4598474,140.279648,19678.3796396,1079.4,1341.8,988.0,642.4,904.1
MOD16A3GF_006_ET_500m_doy2012001_aid0026,ET_500m,aid0026,2012-01-01,4849.0,478.6,1723.7,"(478.6,1723.7)",958.5660549,162.7759438,26496.0078764,1049.1,1353.5,936.4,540.1,845.4
MOD16A3GF_006_ET_500m_doy2013001_aid0026,ET_500m,aid0026,2013-01-01,4849.0,542.9,1714.7,"(542.9,1714.7)",1002.588575,145.5991308,21199.1068771,1077.1,1324.5,988.1,663.0,911.2
MOD16A3GF_006_ET_500m_doy2014001_aid0026,ET_500m,aid0026,2014-01-01,4849.0,522.9,1751.5,"(522.9,1751.5)",1001.8598061,172.3950595,29720.0565511,1100.0,1420.3,978.8,564.3,885.7
MOD16A3GF_006_ET_500m_doy2015001_aid0026,ET_500m,aid0026,2015-01-01,4849.0,363.3,1587.6,"(363.3,1587.6)",770.399237,170.7395004,29151.9769947,871.4,1202.8,749.3,363.3,650.0
MOD16A3GF_006_ET_500m_doy2010001_aid0027,ET_500m,aid0027,2010-01-01,6417.0,916.3,1955.9,"(916.3,1955.9)",1385.7582827,149.2021248,22261.274035,1495.4,1817.9,1398.5,959.1,1280.1
MOD16A3GF_006_ET_500m_doy2011001_aid0027,ET_500m,aid0027,2011-01-01,6417.0,812.2,1807.6,"(812.2,1807.6)",1267.9321334,149.5548512,22366.6535163,1377.4,1690.5,1275.7,840.2,1160.2
MOD16A3GF_006_ET_500m_doy2012001_aid0027,ET_500m,aid0027,2012-01-01,6417.0,895.6,1932.6,"(895.6,1932.6)",1378.0499299,156.3528686,24446.2195204,1499.5,1855.5,1384.7,909.0,1261.2
MOD16A3GF_006_ET_500m_doy2013001_aid0027,ET_500m,aid0027,2013-01-01,6417.0,895.0,1936.5,"(895.0,1936.5)",1356.2868163,140.1660911,19646.5330941,1455.1,1738.1,1369.9,979.0,1263.9
MOD16A3GF_006_ET_500m_doy2014001_aid0027,ET_500m,aid0027,2014-01-01,6417.0,911.8,1966.4,"(911.8,1966.4)",1412.8317282,166.6787252,27781.7974443,1540.9,1895.1,1421.7,938.8,1296.7
MOD16A3GF_006_ET_500m_doy2015001_aid0027,ET_500m,aid0027,2015-01-01,6417.0,778.7,2022.5,"(778.7,2022.5)",1312.6076827,179.3813942,32177.6845833,1446.7,1790.6,1303.6,787.7,1182.2
MOD16A3GF_006_ET_500m_doy2010001_aid0028,ET_500m,aid0028,2010-01-01,1713.0,586.7,1457.1,"(586.7,1457.1)",988.5942207,105.7473899,11182.5104803,1051.7,1250.0,978.1,726.9,917.3
MOD16A3GF_006_ET_500m_doy2011001_aid0028,ET_500m,aid0028,2011-01-01,1713.0,555.2,1439.9,"(555.2,1439.9)",913.8330414,109.7106055,12036.4169585,979.5,1190.5,900.5,636.7,837.4
MOD16A3GF_006_ET_500m_doy2012001_aid0028,ET_500m,aid0028,2012-01-01,1713.0,503.7,1387.8,"(503.7,1387.8)",918.6429072,120.3462565,14483.2214573,991.9,1231.1,911.5,593.2,830.8
MOD16A3GF_006_ET_500m_doy2013001_aid0028,ET_500m,aid0028,2013-01-01,1713.0,507.2,1340.3,"(507.2,1340.3)",924.0870403,113.7696894,12943.5422372,988.8,1202.6,912.9,630.2,844.8
MOD16A3GF_006_ET_500m_doy2014001_aid0028,ET_500m,aid0028,2014-01-01,1713.0,483.4,1468.7,"(483.4,1468.7)",914.219965,140.4863231,19736.4069919,1008.4,1299.2,903.0,523.7,812.3
MOD16A3GF_006_ET_500m_doy2015001_aid0028,ET_500m,aid0028,2015-01-01,1713.0,430.3,1341.0,"(430.3,1341.0)",851.9166959,137.3999653,18878.750451,944.5,1227.8,841.0,461.5,750.5
MOD16A3GF_006_ET_500m_doy2010001_aid0029,ET_500m,aid0029,2010-01-01,2261.0,845.0,1930.0,"(845.0,1930.0)",1420.2402034,144.2927349,20820.3933549,1517.2,1820.4,1446.9,1010.7,1313.8
MOD16A3GF_006_ET_500m_doy2011001_aid0029,ET_500m,aid0029,2011-01-01,2261.0,853.0,1832.4,"(853.0,1832.4)",1336.9675807,123.9801992,15371.0897982,1420.8,1662.7,1352.8,1001.4,1252.6
MOD16A3GF_006_ET_500m_doy2012001_aid0029,ET_500m,aid0029,2012-01-01,2261.0,860.1,1996.7,"(860.1,1996.7)",1430.0303406,145.9770308,21309.2935332,1540.3,1861.6,1455.3,985.5,1316.2
MOD16A3GF_006_ET_500m_doy2013001_aid0029,ET_500m,aid0029,2013-01-01,2261.0,877.4,1932.5,"(877.4,1932.5)",1384.3569217,134.6236244,18123.5202584,1461.8,1704.4,1394.9,1057.9,1299.0
MOD16A3GF_006_ET_500m_doy2014001_aid0029,ET_500m,aid0029,2014-01-01,2261.0,859.9,2104.9,"(859.9,2104.9)",1475.1617426,172.5875399,29786.4589212,1603.9,1949.5,1501.3,986.7,1355.7
MOD16A3GF_006_ET_500m_doy2015001_aid0029,ET_500m,aid0029,2015-01-01,2261.0,746.5,1992.8,"(746.5,1992.8)",1417.4561256,190.2824318,36207.4038336,1581.4,1992.8,1444.5,832.6,1273.0
MOD16A3GF_006_ET_500m_doy2010001_aid0030,ET_500m,aid0030,2010-01-01,1130.0,956.5,1888.0,"(956.5,1888.0)",1314.8588496,127.8875701,16355.2305987,1387.975,1622.0,1296.45,1010.2,1230.375
MOD16A3GF_006_ET_500m_doy2011001_aid0030,ET_500m,aid0030,2011-01-01,1130.0,923.2,1741.2,"(923.2,1741.2)",1299.2814159,105.541673,11139.0447343,1363.2,1565.6,1292.05,1024.3,1227.4
MOD16A3GF_006_ET_500m_doy2012001_aid0030,ET_500m,aid0030,2012-01-01,1130.0,961.9,1834.8,"(961.9,1834.8)",1347.480708,118.6125047,14068.9262827,1412.475,1621.2,1334.75,1088.0,1271.35
MOD16A3GF_006_ET_500m_doy2013001_aid0030,ET_500m,aid0030,2013-01-01,1130.0,943.8,1835.5,"(943.8,1835.5)",1333.6817699,119.5453337,14291.0868181,1404.325,1624.8,1321.0,1039.0,1256.225
MOD16A3GF_006_ET_500m_doy2014001_aid0030,ET_500m,aid0030,2014-01-01,1130.0,901.2,1886.8,"(901.2,1886.8)",1334.36,163.8090422,26833.4023115,1438.5,1720.2,1332.55,924.7,1227.375
MOD16A3GF_006_ET_500m_doy2015001_aid0030,ET_500m,aid0030,2015-01-01,1130.0,817.0,1983.1,"(817.0,1983.1)",1283.9452212,170.3967943,29035.0675214,1383.3,1680.9,1275.65,863.6,1174.7
MOD16A3GF_006_ET_500m_doy2010001_aid0031,ET_500m,aid0031,2010-01-01,2597.0,649.2,1580.5,"(649.2,1580.5)",1046.2857143,111.2144435,12368.6524451,1104.2,1296.7,1032.9,788.6,973.5
MOD16A3GF_006_ET_500m_doy2011001_aid0031,ET_500m,aid0031,2011-01-01,2597.0,634.6,1637.4,"(634.6,1637.4)",985.8410859,110.0141965,12103.1234371,1042.0,1237.0,971.9,740.4,911.4
MOD16A3GF_006_ET_500m_doy2012001_aid0031,ET_500m,aid0031,2012-01-01,2597.0,570.0,1546.2,"(570.0,1546.2)",953.9092414,112.6950902,12700.183357,1018.5,1235.2,939.9,659.7,873.6
MOD16A3GF_006_ET_500m_doy2013001_aid0031,ET_500m,aid0031,2013-01-01,2597.0,515.0,1502.9,"(515.0,1502.9)",955.9019638,135.8836965,18464.378968,1041.5,1313.5,947.9,593.3,860.1
MOD16A3GF_006_ET_500m_doy2014001_aid0031,ET_500m,aid0031,2014-01-01,2597.0,587.6,1607.7,"(587.6,1607.7)",998.4170196,127.7028129,16308.0084281,1069.0,1304.0,985.4,702.4,911.8
MOD16A3GF_006_ET_500m_doy2015001_aid0031,ET_500m,aid0031,2015-01-01,2597.0,404.2,1327.5,"(404.2,1327.5)",789.9742395,135.0855729,18248.1119933,881.3,1148.9,786.4,424.4,697.4
MOD16A3GF_006_ET_500m_doy2010001_aid0032,ET_500m,aid0032,2010-01-01,630.0,715.5,1235.1,"(715.5,1235.1)",855.885873,77.1124936,5946.3366734,894.9,1032.4,844.4,715.5,799.85
MOD16A3GF_006_ET_500m_doy2011001_aid0032,ET_500m,aid0032,2011-01-01,630.0,740.9,1216.4,"(740.9,1216.4)",896.9895238,74.1785254,5502.4536363,935.4,1072.5,885.45,740.9,840.5
MOD16A3GF_006_ET_500m_doy2012001_aid0032,ET_500m,aid0032,2012-01-01,630.0,745.6,1248.7,"(745.6,1248.7)",896.8015873,86.5660177,7493.6754261,943.5,1104.0,875.1,745.6,835.0
MOD16A3GF_006_ET_500m_doy2013001_aid0032,ET_500m,aid0032,2013-01-01,630.0,755.3,1254.8,"(755.3,1254.8)",878.9192063,84.3098045,7108.1431391,925.125,1082.7,857.0,755.3,819.3
MOD16A3GF_006_ET_500m_doy2014001_aid0032,ET_500m,aid0032,2014-01-01,630.0,685.4,1208.0,"(685.4,1208.0)",827.5296825,77.9735066,6079.867738,867.4,1006.5,815.65,685.4,774.1
MOD16A3GF_006_ET_500m_doy2015001_aid0032,ET_500m,aid0032,2015-01-01,630.0,564.4,1164.5,"(564.4,1164.5)",738.0266667,89.7520934,8055.438273,779.7,934.9,727.6,564.4,675.05
MOD16A3GF_006_ET_500m_doy2010001_aid0033,ET_500m,aid0033,2010-01-01,3869.0,810.1,2000.3,"(810.1,2000.3)",1327.153373,139.1188501,19354.0544659,1426.8,1718.9,1319.6,939.6,1231.9
MOD16A3GF_006_ET_500m_doy2011001_aid0033,ET_500m,aid0033,2011-01-01,3869.0,750.3,1849.3,"(750.3,1849.3)",1197.347635,130.5739884,17049.5664386,1284.4,1532.8,1189.3,866.3,1116.3
MOD16A3GF_006_ET_500m_doy2012001_aid0033,ET_500m,aid0033,2012-01-01,3869.0,804.9,2042.0,"(804.9,2042.0)",1312.8038511,140.6142804,19772.375842,1396.2,1647.4,1298.2,969.4,1222.7
MOD16A3GF_006_ET_500m_doy2013001_aid0033,ET_500m,aid0033,2013-01-01,3869.0,798.7,1854.6,"(798.7,1854.6)",1259.4005169,129.5256087,16776.8833081,1349.8,1613.9,1248.9,912.4,1172.4
MOD16A3GF_006_ET_500m_doy2014001_aid0033,ET_500m,aid0033,2014-01-01,3869.0,808.1,2012.0,"(808.1,2012.0)",1315.7162316,146.7448772,21534.0589715,1411.9,1682.2,1306.9,938.1,1221.9
MOD16A3GF_006_ET_500m_doy2015001_aid0033,ET_500m,aid0033,2015-01-01,3869.0,626.6,2035.8,"(626.6,2035.8)",1213.1996898,177.7069073,31579.7448849,1310.6,1620.2,1195.1,791.7,1096.4
MOD16A3GF_006_ET_500m_doy2010001_aid0034,ET_500m,aid0034,2010-01-01,11700.0,596.4,1772.5,"(596.4,1772.5)",964.0805556,111.7651668,12491.4525099,1024.2,1222.0,952.8,696.7,892.275
MOD16A3GF_006_ET_500m_doy2011001_aid0034,ET_500m,aid0034,2011-01-01,11700.0,601.6,1623.3,"(601.6,1623.3)",953.6042222,108.7938828,11836.108936,1010.725,1205.5,940.55,689.2,880.7
MOD16A3GF_006_ET_500m_doy2012001_aid0034,ET_500m,aid0034,2012-01-01,11700.0,504.6,1684.7,"(504.6,1684.7)",856.6929316,112.9395853,12755.3499338,918.7,1125.1,844.4,574.4,780.6
MOD16A3GF_006_ET_500m_doy2013001_aid0034,ET_500m,aid0034,2013-01-01,11700.0,517.6,1738.4,"(517.6,1738.4)",889.6627436,129.2726066,16711.4068043,955.3,1183.5,873.4,575.2,802.9
MOD16A3GF_006_ET_500m_doy2014001_aid0034,ET_500m,aid0034,2014-01-01,11700.0,546.5,1853.8,"(546.5,1853.8)",916.8297863,116.981249,13684.6126213,975.425,1180.0,901.8,634.8,838.8
MOD16A3GF_006_ET_500m_doy2015001_aid0034,ET_500m,aid0034,2015-01-01,11700.0,353.1,1637.2,"(353.1,1637.2)",693.8352564,134.9568086,18213.3401937,757.3,990.7,673.1,382.0,601.5
MOD16A3GF_006_ET_500m_doy2010001_aid0035,ET_500m,aid0035,2010-01-01,3302.0,955.5,2044.4,"(955.5,2044.4)",1493.5631435,121.716854,14814.9925392,1567.225,1795.1,1504.5,1193.0,1414.7
MOD16A3GF_006_ET_500m_doy2011001_aid0035,ET_500m,aid0035,2011-01-01,3302.0,917.4,1977.1,"(917.4,1977.1)",1412.0998789,102.7237983,10552.1787401,1475.55,1674.3,1414.55,1144.9,1342.9
MOD16A3GF_006_ET_500m_doy2012001_aid0035,ET_500m,aid0035,2012-01-01,3302.0,975.9,2041.1,"(975.9,2041.1)",1530.7328892,123.7576559,15315.9573859,1609.775,1849.2,1538.65,1211.5,1447.1
MOD16A3GF_006_ET_500m_doy2013001_aid0035,ET_500m,aid0035,2013-01-01,3302.0,948.1,2108.2,"(948.1,2108.2)",1484.369897,118.0668184,13939.7736123,1542.9,1738.8,1481.9,1216.7,1412.025
MOD16A3GF_006_ET_500m_doy2014001_aid0035,ET_500m,aid0035,2014-01-01,3302.0,963.3,2082.4,"(963.3,2082.4)",1569.538401,140.9518648,19867.4281801,1672.4,1982.2,1590.9,1158.6,1464.05
MOD16A3GF_006_ET_500m_doy2015001_aid0035,ET_500m,aid0035,2015-01-01,3302.0,795.7,1988.0,"(795.7,1988.0)",1489.8152938,155.5701432,24202.0694602,1615.875,1988.0,1516.15,1026.0,1366.5
MOD16A3GF_006_ET_500m_doy2010001_aid0036,ET_500m,aid0036,2010-01-01,1103.0,1073.3,1772.2,"(1073.3,1772.2)",1357.5846782,117.0104262,13691.4398287,1423.0,1649.1,1336.0,1073.3,1271.7
MOD16A3GF_006_ET_500m_doy2011001_aid0036,ET_500m,aid0036,2011-01-01,1103.0,1117.6,1800.4,"(1117.6,1800.4)",1349.4242974,121.9035738,14860.4812954,1415.1,1641.8,1325.2,1117.6,1262.15
MOD16A3GF_006_ET_500m_doy2012001_aid0036,ET_500m,aid0036,2012-01-01,1103.0,1107.4,1816.1,"(1107.4,1816.1)",1399.0739801,118.6766693,14084.1518252,1459.45,1670.7,1376.8,1107.4,1316.4
MOD16A3GF_006_ET_500m_doy2013001_aid0036,ET_500m,aid0036,2013-01-01,1103.0,1096.5,1857.6,"(1096.5,1857.6)",1399.281233,121.6839564,14806.9852416,1469.75,1705.0,1376.6,1096.5,1311.2
MOD16A3GF_006_ET_500m_doy2014001_aid0036,ET_500m,aid0036,2014-01-01,1103.0,1068.3,1884.3,"(1068.3,1884.3)",1419.9805077,129.0621318,16657.033863,1494.95,1731.7,1401.3,1088.9,1331.25
MOD16A3GF_006_ET_500m_doy2015001_aid0036,ET_500m,aid0036,2015-01-01,1103.0,995.8,1865.0,"(995.8,1865.0)",1347.1326383,139.5472443,19473.4333862,1431.9,1700.0,1329.6,995.8,1249.05
MOD16A3GF_006_ET_500m_doy2010001_aid0037,ET_500m,aid0037,2010-01-01,1254.0,622.2,1722.0,"(622.2,1722.0)",1035.2783892,133.2564199,17757.2734484,1096.775,1318.2,1017.6,733.3,948.85
MOD16A3GF_006_ET_500m_doy2011001_aid0037,ET_500m,aid0037,2011-01-01,1254.0,659.9,1529.4,"(659.9,1529.4)",979.1796651,126.1327082,15909.4600889,1047.55,1266.5,966.75,670.5,894.95
MOD16A3GF_006_ET_500m_doy2012001_aid0037,ET_500m,aid0037,2012-01-01,1254.0,628.1,1622.1,"(628.1,1622.1)",990.0217703,139.2877525,19401.0780029,1060.375,1295.7,971.6,686.3,902.55
MOD16A3GF_006_ET_500m_doy2013001_aid0037,ET_500m,aid0037,2013-01-01,1254.0,632.7,1758.9,"(632.7,1758.9)",971.9558214,139.468057,19451.3389095,1043.975,1294.0,952.45,632.7,876.7
MOD16A3GF_006_ET_500m_doy2014001_aid0037,ET_500m,aid0037,2014-01-01,1254.0,613.3,1747.1,"(613.3,1747.1)",1018.5556619,156.8214855,24592.9783053,1095.425,1369.1,1012.95,642.3,912.75
MOD16A3GF_006_ET_500m_doy2015001_aid0037,ET_500m,aid0037,2015-01-01,1254.0,577.6,1571.7,"(577.6,1571.7)",932.6611643,142.8654063,20410.5243052,1007.95,1269.6,921.6,577.6,832.525
MOD16A3GF_006_ET_500m_doy2010001_aid0038,ET_500m,aid0038,2010-01-01,2828.0,780.0,1944.4,"(780.0,1944.4)",1105.5365983,138.8347408,19275.0852553,1181.225,1438.2,1083.45,780.0,1008.125
MOD16A3GF_006_ET_500m_doy2011001_aid0038,ET_500m,aid0038,2011-01-01,2828.0,761.0,1846.2,"(761.0,1846.2)",1100.8612447,137.6237206,18940.2884627,1173.875,1425.5,1078.15,761.0,1005.9
MOD16A3GF_006_ET_500m_doy2012001_aid0038,ET_500m,aid0038,2012-01-01,2828.0,748.0,1879.4,"(748.0,1879.4)",1068.6370934,140.0834602,19623.3758271,1148.3,1412.0,1055.0,748.0,971.875
MOD16A3GF_006_ET_500m_doy2013001_aid0038,ET_500m,aid0038,2013-01-01,2828.0,774.4,1750.2,"(774.4,1750.2)",1086.5596535,127.0825198,16149.9668269,1157.4,1391.4,1067.65,774.4,999.575
MOD16A3GF_006_ET_500m_doy2014001_aid0038,ET_500m,aid0038,2014-01-01,2828.0,728.0,2057.7,"(728.0,2057.7)",1115.9931754,153.722053,23630.469568,1205.8,1498.6,1095.65,728.0,1010.175
MOD16A3GF_006_ET_500m_doy2015001_aid0038,ET_500m,aid0038,2015-01-01,2828.0,553.8,1907.4,"(553.8,1907.4)",900.9095827,152.5905011,23283.861022,993.9,1296.2,884.5,553.8,790.05
MOD16A3GF_006_ET_500m_doy2010001_aid0039,ET_500m,aid0039,2010-01-01,1595.0,831.6,1730.0,"(831.6,1730.0)",1196.9200627,127.8196814,16337.8709455,1285.0,1560.3,1193.3,831.6,1099.45
MOD16A3GF_006_ET_500m_doy2011001_aid0039,ET_500m,aid0039,2011-01-01,1595.0,796.6,1600.4,"(796.6,1600.4)",1125.2896552,108.8084009,11839.2681124,1192.3,1404.0,1118.5,860.5,1049.8
MOD16A3GF_006_ET_500m_doy2012001_aid0039,ET_500m,aid0039,2012-01-01,1595.0,788.4,1558.4,"(788.4,1558.4)",1169.5593103,135.7865009,18437.973824,1261.95,1549.8,1172.5,788.4,1065.9
MOD16A3GF_006_ET_500m_doy2013001_aid0039,ET_500m,aid0039,2013-01-01,1595.0,815.8,1608.2,"(815.8,1608.2)",1145.3598119,99.4898683,9898.2339022,1209.25,1398.3,1144.3,893.1,1077.6
MOD16A3GF_006_ET_500m_doy2014001_aid0039,ET_500m,aid0039,2014-01-01,1595.0,810.0,1678.9,"(810.0,1678.9)",1187.6329154,131.0030278,17161.7933053,1270.7,1537.7,1177.7,825.7,1092.15
MOD16A3GF_006_ET_500m_doy2015001_aid0039,ET_500m,aid0039,2015-01-01,1595.0,583.8,1557.4,"(583.8,1557.4)",1038.5487774,145.0567387,21041.4574452,1128.45,1417.7,1034.4,648.9,935.25
MOD16A3GF_006_ET_500m_doy2010001_aid0040,ET_500m,aid0040,2010-01-01,1584.0,1165.0,1936.7,"(1165.0,1936.7)",1522.2386995,97.8767538,9579.8589253,1573.3,1716.6,1536.8,1333.3,1477.3
MOD16A3GF_006_ET_500m_doy2011001_aid0040,ET_500m,aid0040,2011-01-01,1584.0,1103.1,1865.6,"(1103.1,1865.6)",1427.9347854,90.1237164,8122.2842508,1482.9,1638.7,1438.1,1219.3,1377.35
MOD16A3GF_006_ET_500m_doy2012001_aid0040,ET_500m,aid0040,2012-01-01,1584.0,1204.0,2196.0,"(1204.0,2196.0)",1554.671149,107.313712,11516.232785,1614.725,1789.6,1571.2,1313.6,1493.75
MOD16A3GF_006_ET_500m_doy2013001_aid0040,ET_500m,aid0040,2013-01-01,1584.0,1164.9,2023.5,"(1164.9,2023.5)",1489.0675505,97.1211474,9432.5172804,1541.5,1688.5,1491.85,1295.0,1442.35
MOD16A3GF_006_ET_500m_doy2014001_aid0040,ET_500m,aid0040,2014-01-01,1584.0,1204.7,1928.1,"(1204.7,1928.1)",1591.2700126,105.4903453,11128.2129455,1667.0,1860.6,1611.5,1314.5,1524.775
MOD16A3GF_006_ET_500m_doy2015001_aid0040,ET_500m,aid0040,2015-01-01,1584.0,1015.5,1864.0,"(1015.5,1864.0)",1507.6483586,127.9562422,16372.7999089,1615.025,1864.0,1531.7,1124.2,1414.05
MOD16A3GF_006_ET_500m_doy2010001_aid0041,ET_500m,aid0041,2010-01-01,4916.0,531.1,1627.0,"(531.1,1627.0)",1021.5534988,128.2557902,16449.5477237,1097.6,1340.5,1010.95,688.2,932.0
MOD16A3GF_006_ET_500m_doy2011001_aid0041,ET_500m,aid0041,2011-01-01,4916.0,556.5,1543.2,"(556.5,1543.2)",1005.7401139,120.717677,14572.7575406,1073.425,1300.2,990.1,698.5,921.975
MOD16A3GF_006_ET_500m_doy2012001_aid0041,ET_500m,aid0041,2012-01-01,4916.0,442.4,1562.3,"(442.4,1562.3)",939.4871847,122.6437624,15041.4924639,1009.45,1236.9,926.1,630.6,857.575
MOD16A3GF_006_ET_500m_doy2013001_aid0041,ET_500m,aid0041,2013-01-01,4916.0,431.5,1662.0,"(431.5,1662.0)",909.7672295,157.1848668,24707.0823659,1006.925,1313.2,895.4,499.4,798.925
MOD16A3GF_006_ET_500m_doy2014001_aid0041,ET_500m,aid0041,2014-01-01,4916.0,460.8,1660.2,"(460.8,1660.2)",994.2969894,138.2593756,19115.654938,1076.5,1340.0,982.55,642.3,899.975
MOD16A3GF_006_ET_500m_doy2015001_aid0041,ET_500m,aid0041,2015-01-01,4916.0,305.7,1598.3,"(305.7,1598.3)",792.1623678,164.3940758,27025.4121558,896.425,1228.8,767.5,344.0,672.6
MOD16A3GF_006_ET_500m_doy2010001_aid0042,ET_500m,aid0042,2010-01-01,370.0,901.1,1658.3,"(901.1,1658.3)",1226.067027,133.3131961,17772.4082641,1305.45,1507.2,1236.1,955.1,1165.125
MOD16A3GF_006_ET_500m_doy2011001_aid0042,ET_500m,aid0042,2011-01-01,370.0,938.5,1659.2,"(938.5,1659.2)",1262.3862162,128.0861104,16406.0516749,1351.9,1563.4,1272.35,964.6,1194.2
MOD16A3GF_006_ET_500m_doy2012001_aid0042,ET_500m,aid0042,2012-01-01,370.0,919.1,1652.8,"(919.1,1652.8)",1255.257027,139.7251591,19523.1200722,1339.6,1564.6,1274.45,929.1,1172.475
MOD16A3GF_006_ET_500m_doy2013001_aid0042,ET_500m,aid0042,2013-01-01,370.0,920.3,1663.5,"(920.3,1663.5)",1242.8681081,133.8849583,17925.182064,1331.05,1525.2,1251.75,949.0,1177.8
MOD16A3GF_006_ET_500m_doy2014001_aid0042,ET_500m,aid0042,2014-01-01,370.0,897.2,1596.8,"(897.2,1596.8)",1212.9889189,138.9100417,19295.999688,1305.025,1572.1,1224.55,897.2,1124.625
MOD16A3GF_006_ET_500m_doy2015001_aid0042,ET_500m,aid0042,2015-01-01,370.0,780.0,1501.8,"(780.0,1501.8)",1127.1513514,152.072599,23126.075363,1223.925,1501.8,1149.75,780.0,1026.85
MOD16A3GF_006_ET_500m_doy2010001_aid0043,ET_500m,aid0043,2010-01-01,2056.0,901.5,1982.1,"(901.5,1982.1)",1331.1517996,172.2948285,29685.5079345,1426.875,1727.4,1308.3,926.6,1225.975
MOD16A3GF_006_ET_500m_doy2011001_aid0043,ET_500m,aid0043,2011-01-01,2056.0,927.7,1895.0,"(927.7,1895.0)",1351.4711089,141.5850093,20046.3148657,1436.45,1674.3,1343.1,1023.1,1271.1
MOD16A3GF_006_ET_500m_doy2012001_aid0043,ET_500m,aid0043,2012-01-01,2056.0,870.9,2032.7,"(870.9,2032.7)",1376.5345331,178.897801,32004.4231849,1478.575,1792.2,1355.9,950.6,1261.55
MOD16A3GF_006_ET_500m_doy2013001_aid0043,ET_500m,aid0043,2013-01-01,2056.0,894.0,2051.9,"(894.0,2051.9)",1389.6424611,173.3695597,30057.004233,1496.425,1808.0,1375.5,977.6,1287.475
MOD16A3GF_006_ET_500m_doy2014001_aid0043,ET_500m,aid0043,2014-01-01,2056.0,876.1,1988.3,"(876.1,1988.3)",1375.2711576,192.8319389,37184.1566633,1486.525,1825.7,1352.9,909.9,1255.675
MOD16A3GF_006_ET_500m_doy2015001_aid0043,ET_500m,aid0043,2015-01-01,2056.0,709.0,1868.2,"(709.0,1868.2)",1267.3503405,206.8385331,42782.1787547,1386.225,1765.1,1241.25,756.8,1132.675
MOD16A3GF_006_ET_500m_doy2010001_aid0044,ET_500m,aid0044,2010-01-01,4336.0,668.2,1721.8,"(668.2,1721.8)",1071.1520756,126.0910601,15898.9554339,1143.55,1385.1,1057.4,758.6,981.9
MOD16A3GF_006_ET_500m_doy2011001_aid0044,ET_500m,aid0044,2011-01-01,4336.0,690.3,1659.6,"(690.3,1659.6)",1062.8094327,127.4758739,16250.0984235,1135.125,1374.4,1049.4,738.5,974.275
MOD16A3GF_006_ET_500m_doy2012001_aid0044,ET_500m,aid0044,2012-01-01,4336.0,681.1,1702.7,"(681.1,1702.7)",1071.7755766,144.2037302,20794.7158172,1152.6,1426.4,1052.85,716.9,969.275
MOD16A3GF_006_ET_500m_doy2013001_aid0044,ET_500m,aid0044,2013-01-01,4336.0,599.9,1865.5,"(599.9,1865.5)",1034.838607,152.2478371,23179.4039016,1117.0,1396.7,1011.3,669.0,930.375
MOD16A3GF_006_ET_500m_doy2014001_aid0044,ET_500m,aid0044,2014-01-01,4336.0,695.4,1853.4,"(695.4,1853.4)",1130.5978321,161.5347702,26093.4819925,1217.55,1512.5,1107.05,724.9,1019.9
MOD16A3GF_006_ET_500m_doy2015001_aid0044,ET_500m,aid0044,2015-01-01,4336.0,477.9,1736.5,"(477.9,1736.5)",924.7048201,156.318811,24435.5706663,1007.175,1289.1,898.55,537.0,819.0
MOD16A3GF_006_ET_500m_doy2010001_aid0045,ET_500m,aid0045,2010-01-01,7190.0,479.5,2064.1,"(479.5,2064.1)",1009.3770654,184.5186214,34047.1216479,1113.9,1450.9,987.7,552.8,889.225
MOD16A3GF_006_ET_500m_doy2011001_aid0045,ET_500m,aid0045,2011-01-01,7190.0,536.9,1922.7,"(536.9,1922.7)",1045.4749235,165.4948319,27388.5393753,1140.75,1441.4,1030.75,638.6,939.625
MOD16A3GF_006_ET_500m_doy2012001_aid0045,ET_500m,aid0045,2012-01-01,7190.0,453.9,2197.9,"(453.9,2197.9)",1051.3373853,191.5660246,36697.5417901,1150.4,1477.4,1030.5,604.1,931.825
MOD16A3GF_006_ET_500m_doy2013001_aid0045,ET_500m,aid0045,2013-01-01,7190.0,445.7,1995.8,"(445.7,1995.8)",1022.3081224,187.6523355,35213.3990133,1124.3,1448.2,1006.2,585.1,908.025
MOD16A3GF_006_ET_500m_doy2014001_aid0045,ET_500m,aid0045,2014-01-01,7190.0,510.5,2192.2,"(510.5,2192.2)",1062.5778025,204.6423266,41878.4818272,1170.7,1531.7,1037.7,569.0,929.925
MOD16A3GF_006_ET_500m_doy2015001_aid0045,ET_500m,aid0045,2015-01-01,7190.0,278.1,2189.9,"(278.1,2189.9)",811.0375243,197.8458955,39142.9983666,910.8,1240.8,782.5,360.6,690.7
MOD16A3GF_006_ET_500m_doy2010001_aid0046,ET_500m,aid0046,2010-01-01,2427.0,645.8,1504.5,"(645.8,1504.5)",1047.2386897,112.3668582,12626.3108187,1111.05,1315.2,1036.9,794.2,974.9
MOD16A3GF_006_ET_500m_doy2011001_aid0046,ET_500m,aid0046,2011-01-01,2427.0,710.2,1692.8,"(710.2,1692.8)",1071.8515863,118.8308285,14120.7658102,1136.5,1362.6,1059.1,764.9,985.35
MOD16A3GF_006_ET_500m_doy2012001_aid0046,ET_500m,aid0046,2012-01-01,2427.0,639.5,1625.6,"(639.5,1625.6)",1034.5379893,114.9037117,13202.8629573,1097.0,1298.4,1023.9,753.4,959.55
MOD16A3GF_006_ET_500m_doy2013001_aid0046,ET_500m,aid0046,2013-01-01,2427.0,582.5,1647.5,"(582.5,1647.5)",977.8172641,124.0969619,15400.0559483,1047.15,1273.3,965.8,659.3,891.65
MOD16A3GF_006_ET_500m_doy2014001_aid0046,ET_500m,aid0046,2014-01-01,2427.0,616.9,1696.5,"(616.9,1696.5)",1073.3988463,127.1426223,16165.2463934,1143.35,1372.7,1059.3,787.0,989.5
MOD16A3GF_006_ET_500m_doy2015001_aid0046,ET_500m,aid0046,2015-01-01,2427.0,388.0,1552.8,"(388.0,1552.8)",868.3697157,134.5844523,18112.9747936,939.9,1175.7,856.3,549.4,781.15
MOD16A3GF_006_ET_500m_doy2010001_aid0047,ET_500m,aid0047,2010-01-01,3612.0,785.6,1986.2,"(785.6,1986.2)",1264.5045958,190.9234012,36451.7451339,1443.225,1945.8,1242.8,785.6,1101.1
MOD16A3GF_006_ET_500m_doy2011001_aid0047,ET_500m,aid0047,2011-01-01,3612.0,805.9,1859.1,"(805.9,1859.1)",1214.8846346,148.0509471,21919.0829284,1326.4,1664.2,1207.3,805.9,1099.375
MOD16A3GF_006_ET_500m_doy2012001_aid0047,ET_500m,aid0047,2012-01-01,3612.0,810.1,2000.7,"(810.1,2000.7)",1312.7748616,201.3731413,40551.1420314,1507.1,2000.7,1283.55,810.1,1139.8
MOD16A3GF_006_ET_500m_doy2013001_aid0047,ET_500m,aid0047,2013-01-01,3612.0,844.6,1911.0,"(844.6,1911.0)",1236.7210133,158.8093373,25220.4056188,1365.8,1750.6,1224.65,844.6,1109.25
MOD16A3GF_006_ET_500m_doy2014001_aid0047,ET_500m,aid0047,2014-01-01,3612.0,820.4,2027.5,"(820.4,2027.5)",1300.0709025,185.7727447,34511.5126666,1457.9,1926.8,1291.45,820.4,1144.45
MOD16A3GF_006_ET_500m_doy2015001_aid0047,ET_500m,aid0047,2015-01-01,3612.0,573.9,2074.2,"(573.9,2074.2)",1193.0607973,262.9650079,69150.5953901,1452.25,2074.2,1152.0,573.9,968.4
MOD16A3GF_006_ET_500m_doy2010001_aid0048,ET_500m,aid0048,2010-01-01,3791.0,1013.9,2109.1,"(1013.9,2109.1)",1442.1122659,135.2467488,18291.6830492,1527.05,1794.4,1452.8,1084.2,1348.7
MOD16A3GF_006_ET_500m_doy2011001_aid0048,ET_500m,aid0048,2011-01-01,3791.0,1007.9,1837.9,"(1007.9,1837.9)",1339.6174097,114.5917324,13131.2651308,1411.05,1636.3,1335.9,1036.4,1260.65
MOD16A3GF_006_ET_500m_doy2012001_aid0048,ET_500m,aid0048,2012-01-01,3791.0,1054.6,2098.1,"(1054.6,2098.1)",1471.5215774,141.2796889,19959.9504919,1568.15,1868.4,1481.9,1067.7,1367.4
MOD16A3GF_006_ET_500m_doy2013001_aid0048,ET_500m,aid0048,2013-01-01,3791.0,1030.2,1937.9,"(1030.2,1937.9)",1407.9913216,121.0673583,14657.3052346,1470.8,1677.1,1404.6,1128.3,1332.6
MOD16A3GF_006_ET_500m_doy2014001_aid0048,ET_500m,aid0048,2014-01-01,3791.0,1023.0,2098.8,"(1023.0,2098.8)",1474.4967291,154.422626,23846.3474121,1577.75,1898.6,1479.8,1052.6,1361.4
MOD16A3GF_006_ET_500m_doy2015001_aid0048,ET_500m,aid0048,2015-01-01,3791.0,766.8,2036.4,"(766.8,2036.4)",1342.4881298,194.4673352,37817.5444647,1512.9,1889.2,1338.7,766.8,1199.35
MOD16A3GF_006_ET_500m_doy2010001_aid0049,ET_500m,aid0049,2010-01-01,1823.0,725.6,1487.4,"(725.6,1487.4)",1046.4582556,114.618099,13137.3086194,1112.15,1328.7,1042.2,756.4,967.4
MOD16A3GF_006_ET_500m_doy2011001_aid0049,ET_500m,aid0049,2011-01-01,1823.0,761.8,1599.1,"(761.8,1599.1)",1081.4856281,110.9984278,12320.6509838,1146.65,1358.1,1068.5,801.2,1005.05
MOD16A3GF_006_ET_500m_doy2012001_aid0049,ET_500m,aid0049,2012-01-01,1823.0,719.6,1609.1,"(719.6,1609.1)",1052.7159627,124.4594501,15490.154715,1123.5,1360.2,1034.2,751.7,965.5
MOD16A3GF_006_ET_500m_doy2013001_aid0049,ET_500m,aid0049,2013-01-01,1823.0,717.1,1707.7,"(717.1,1707.7)",1051.4531541,123.6169314,15281.1457265,1115.05,1339.5,1033.8,752.7,965.4
MOD16A3GF_006_ET_500m_doy2014001_aid0049,ET_500m,aid0049,2014-01-01,1823.0,783.5,1805.4,"(783.5,1805.4)",1098.7131103,137.3872025,18875.2433992,1170.1,1419.4,1081.3,783.5,1003.25
MOD16A3GF_006_ET_500m_doy2015001_aid0049,ET_500m,aid0049,2015-01-01,1823.0,516.2,1638.7,"(516.2,1638.7)",891.9623149,150.0494649,22514.8419095,969.8,1242.0,867.9,516.2,787.0
MOD16A3GF_006_ET_500m_doy2010001_aid0050,ET_500m,aid0050,2010-01-01,2795.0,0.0,2059.4,"(0.0,2059.4)",1468.1852594,193.2251669,37335.9651137,1601.2,1991.8,1473.7,962.3,1340.75
MOD16A3GF_006_ET_500m_doy2011001_aid0050,ET_500m,aid0050,2011-01-01,2795.0,0.0,2060.6,"(0.0,2060.6)",1411.8649374,158.4226774,25097.7447026,1506.2,1784.3,1422.4,1045.0,1320.75
MOD16A3GF_006_ET_500m_doy2012001_aid0050,ET_500m,aid0050,2012-01-01,2795.0,0.0,2238.7,"(0.0,2238.7)",1512.8671199,197.3518586,38947.7560888,1642.9,2023.3,1520.4,1005.4,1387.3
MOD16A3GF_006_ET_500m_doy2013001_aid0050,ET_500m,aid0050,2013-01-01,2795.0,0.0,2171.1,"(0.0,2171.1)",1488.6112343,184.5338684,34052.7485822,1597.0,1935.8,1497.8,1033.4,1371.0
MOD16A3GF_006_ET_500m_doy2014001_aid0050,ET_500m,aid0050,2014-01-01,2795.0,0.0,2196.9,"(0.0,2196.9)",1523.7471556,205.9140963,42400.6150572,1680.15,2101.7,1533.7,952.5,1379.3
MOD16A3GF_006_ET_500m_doy2015001_aid0050,ET_500m,aid0050,2015-01-01,2795.0,0.0,1953.3,"(0.0,1953.3)",1390.0239714,221.3753038,49007.0251284,1580.25,1953.3,1392.8,740.6,1235.55
MOD16A3GF_006_ET_500m_doy2010001_aid0051,ET_500m,aid0051,2010-01-01,2304.0,537.5,1675.9,"(537.5,1675.9)",935.6334201,115.4144903,13320.5045602,991.325,1179.0,919.95,675.6,861.5
MOD16A3GF_006_ET_500m_doy2011001_aid0051,ET_500m,aid0051,2011-01-01,2304.0,544.1,1687.2,"(544.1,1687.2)",941.5709635,112.791707,12721.9691786,990.9,1170.7,925.95,692.8,869.75
MOD16A3GF_006_ET_500m_doy2012001_aid0051,ET_500m,aid0051,2012-01-01,2304.0,464.1,1545.1,"(464.1,1545.1)",903.1865017,109.7934203,12054.5951346,962.925,1155.2,889.9,648.0,834.4
MOD16A3GF_006_ET_500m_doy2013001_aid0051,ET_500m,aid0051,2013-01-01,2304.0,454.7,1554.7,"(454.7,1554.7)",873.5111111,121.3528605,14726.5167515,939.9,1159.6,859.35,574.1,792.775
MOD16A3GF_006_ET_500m_doy2014001_aid0051,ET_500m,aid0051,2014-01-01,2304.0,480.8,1613.9,"(480.8,1613.9)",920.0884983,117.6679484,13845.7460786,980.05,1182.7,905.55,657.6,844.875
MOD16A3GF_006_ET_500m_doy2015001_aid0051,ET_500m,aid0051,2015-01-01,2304.0,310.1,1521.0,"(310.1,1521.0)",748.6184028,134.9020134,18198.5532204,817.6,1056.4,731.8,419.6,658.35
MOD16A3GF_006_ET_500m_doy2010001_aid0052,ET_500m,aid0052,2010-01-01,7486.0,521.7,1902.2,"(521.7,1902.2)",975.1771841,141.0746058,19902.0444033,1051.2,1306.0,959.75,628.6,880.8
MOD16A3GF_006_ET_500m_doy2011001_aid0052,ET_500m,aid0052,2011-01-01,7486.0,556.5,1811.3,"(556.5,1811.3)",1015.8344643,133.0973479,17714.9040112,1081.675,1310.8,997.05,703.5,927.825
MOD16A3GF_006_ET_500m_doy2012001_aid0052,ET_500m,aid0052,2012-01-01,7486.0,442.4,1691.9,"(442.4,1691.9)",951.7437083,135.6368572,18397.3570289,1025.55,1275.5,937.35,611.4,858.6
MOD16A3GF_006_ET_500m_doy2013001_aid0052,ET_500m,aid0052,2013-01-01,7486.0,431.5,1899.5,"(431.5,1899.5)",920.7534999,145.4917789,21167.8577349,991.8,1242.9,897.6,584.5,824.4
MOD16A3GF_006_ET_500m_doy2014001_aid0052,ET_500m,aid0052,2014-01-01,7486.0,460.8,2097.2,"(460.8,2097.2)",975.714841,154.3591087,23826.7344511,1057.4,1342.9,954.0,591.3,867.025
MOD16A3GF_006_ET_500m_doy2015001_aid0052,ET_500m,aid0052,2015-01-01,7486.0,305.7,1919.5,"(305.7,1919.5)",774.656452,162.3548933,26359.1113764,854.475,1138.7,746.05,387.5,664.725
MOD16A3GF_006_ET_500m_doy2010001_aid0053,ET_500m,aid0053,2010-01-01,1590.0,989.4,2028.8,"(989.4,2028.8)",1458.4452201,160.7270291,25833.177886,1569.45,1886.0,1458.9,1003.0,1342.8
MOD16A3GF_006_ET_500m_doy2011001_aid0053,ET_500m,aid0053,2011-01-01,1590.0,989.8,1937.2,"(989.8,1937.2)",1401.4481132,134.6078725,18119.2793518,1479.925,1732.6,1405.35,1056.7,1310.25
MOD16A3GF_006_ET_500m_doy2012001_aid0053,ET_500m,aid0053,2012-01-01,1590.0,1019.5,2194.6,"(1019.5,2194.6)",1511.9708805,167.21737,27961.6488439,1620.6,1938.7,1508.45,1062.1,1397.025
MOD16A3GF_006_ET_500m_doy2013001_aid0053,ET_500m,aid0053,2013-01-01,1590.0,975.4,2045.7,"(975.4,2045.7)",1492.1396855,150.2182583,22565.5251358,1576.0,1840.4,1499.6,1135.0,1397.075
MOD16A3GF_006_ET_500m_doy2014001_aid0053,ET_500m,aid0053,2014-01-01,1590.0,995.5,2149.8,"(995.5,2149.8)",1517.1244025,181.3987469,32905.5053668,1654.4,2058.0,1507.65,995.5,1382.825
MOD16A3GF_006_ET_500m_doy2015001_aid0053,ET_500m,aid0053,2015-01-01,1590.0,763.5,1930.3,"(763.5,1930.3)",1354.8491824,206.0175362,42443.2252415,1533.9,1930.3,1339.7,763.5,1196.925
MOD16A3GF_006_ET_500m_doy2010001_aid0054,ET_500m,aid0054,2010-01-01,1061.0,930.9,1845.2,"(930.9,1845.2)",1459.2877474,154.0313483,23725.6562683,1574.8,1845.2,1497.9,1013.8,1349.8
MOD16A3GF_006_ET_500m_doy2011001_aid0054,ET_500m,aid0054,2011-01-01,1061.0,928.9,1786.9,"(928.9,1786.9)",1384.3098021,130.309758,16980.6330236,1477.3,1714.6,1406.9,1059.5,1308.8
MOD16A3GF_006_ET_500m_doy2012001_aid0054,ET_500m,aid0054,2012-01-01,1061.0,974.1,2048.7,"(974.1,2048.7)",1512.4134779,164.0103181,26899.3844272,1625.4,1918.0,1554.4,1100.5,1412.8
MOD16A3GF_006_ET_500m_doy2013001_aid0054,ET_500m,aid0054,2013-01-01,1061.0,980.9,1946.8,"(980.9,1946.8)",1475.234213,143.7294389,20658.1516193,1566.8,1804.6,1504.5,1162.4,1404.3
MOD16A3GF_006_ET_500m_doy2014001_aid0054,ET_500m,aid0054,2014-01-01,1061.0,915.2,1982.8,"(915.2,1982.8)",1522.9721018,178.2940172,31788.7565827,1657.0,1982.8,1574.6,1046.0,1411.6
MOD16A3GF_006_ET_500m_doy2015001_aid0054,ET_500m,aid0054,2015-01-01,1061.0,636.9,1810.1,"(636.9,1810.1)",1369.7303487,239.8001574,57504.1154974,1596.6,1810.1,1398.8,636.9,1198.7
MOD16A3GF_006_ET_500m_doy2010001_aid0055,ET_500m,aid0055,2010-01-01,1653.0,591.7,1512.8,"(591.7,1512.8)",984.6746521,127.8055175,16334.2503133,1055.9,1286.4,973.7,668.4,899.6
MOD16A3GF_006_ET_500m_doy2011001_aid0055,ET_500m,aid0055,2011-01-01,1653.0,680.7,1571.5,"(680.7,1571.5)",1010.1912281,113.8110111,12952.946257,1078.7,1291.3,996.8,726.9,936.8
MOD16A3GF_006_ET_500m_doy2012001_aid0055,ET_500m,aid0055,2012-01-01,1653.0,603.5,1574.0,"(603.5,1574.0)",990.3501512,128.4970833,16511.5004068,1063.3,1295.0,982.2,677.2,906.9
MOD16A3GF_006_ET_500m_doy2013001_aid0055,ET_500m,aid0055,2013-01-01,1653.0,527.0,1473.3,"(527.0,1473.3)",954.7164549,124.7130165,15553.3364866,1028.3,1250.7,945.2,655.0,878.6
MOD16A3GF_006_ET_500m_doy2014001_aid0055,ET_500m,aid0055,2014-01-01,1653.0,617.0,1590.9,"(617.0,1590.9)",1044.9793708,146.1955465,21373.1378019,1131.0,1397.1,1034.3,693.2,953.0
MOD16A3GF_006_ET_500m_doy2015001_aid0055,ET_500m,aid0055,2015-01-01,1653.0,350.6,1437.3,"(350.6,1437.3)",801.446461,154.009907,23719.0514409,896.6,1179.4,799.8,417.0,704.6
MOD16A3GF_006_ET_500m_doy2010001_aid0056,ET_500m,aid0056,2010-01-01,1623.0,537.1,2163.1,"(537.1,2163.1)",1074.1579791,206.0422821,42453.422005,1170.35,1510.6,1045.1,604.2,942.95
MOD16A3GF_006_ET_500m_doy2011001_aid0056,ET_500m,aid0056,2011-01-01,1623.0,582.0,1978.8,"(582.0,1978.8)",1065.2839187,183.8044896,33784.0904068,1145.7,1435.1,1032.1,659.5,950.7
MOD16A3GF_006_ET_500m_doy2012001_aid0056,ET_500m,aid0056,2012-01-01,1623.0,538.5,2197.9,"(538.5,2197.9)",1120.8529267,210.2409114,44201.2408278,1209.6,1533.4,1090.8,682.2,992.3
MOD16A3GF_006_ET_500m_doy2013001_aid0056,ET_500m,aid0056,2013-01-01,1623.0,518.5,2074.6,"(518.5,2074.6)",1061.9142945,200.8961768,40359.2738437,1156.5,1491.0,1037.3,602.2,930.95
MOD16A3GF_006_ET_500m_doy2014001_aid0056,ET_500m,aid0056,2014-01-01,1623.0,551.2,2214.2,"(551.2,2214.2)",1139.3324091,226.1091898,51125.3657272,1243.0,1614.4,1103.0,630.1,993.3
MOD16A3GF_006_ET_500m_doy2015001_aid0056,ET_500m,aid0056,2015-01-01,1623.0,323.8,2254.4,"(323.8,2254.4)",932.2556993,249.5225392,62261.4975507,1033.65,1414.5,896.8,410.7,777.85
MOD16A3GF_006_ET_500m_doy2010001_aid0057,ET_500m,aid0057,2010-01-01,2276.0,608.8,1542.8,"(608.8,1542.8)",971.9296134,121.504598,14763.3673392,1042.5,1256.8,968.2,683.1,898.475
MOD16A3GF_006_ET_500m_doy2011001_aid0057,ET_500m,aid0057,2011-01-01,2276.0,666.6,1559.0,"(666.6,1559.0)",1036.1992091,120.451713,14508.6151575,1102.0,1306.7,1026.6,763.2,965.45
MOD16A3GF_006_ET_500m_doy2012001_aid0057,ET_500m,aid0057,2012-01-01,2276.0,570.6,1569.7,"(570.6,1569.7)",997.6924868,129.808575,16850.266143,1071.8,1302.6,993.6,687.9,917.575
MOD16A3GF_006_ET_500m_doy2013001_aid0057,ET_500m,aid0057,2013-01-01,2276.0,538.1,1582.3,"(538.1,1582.3)",962.1946837,141.0583377,19897.4546334,1040.9,1291.2,955.7,623.5,872.575
MOD16A3GF_006_ET_500m_doy2014001_aid0057,ET_500m,aid0057,2014-01-01,2276.0,595.0,1691.8,"(595.0,1691.8)",1048.6057118,146.037724,21327.0168391,1130.1,1383.2,1039.9,705.7,959.6
MOD16A3GF_006_ET_500m_doy2015001_aid0057,ET_500m,aid0057,2015-01-01,2276.0,349.3,1575.3,"(349.3,1575.3)",804.3597979,149.6995437,22409.9533794,891.375,1153.1,800.45,449.6,714.6
MOD16A3GF_006_ET_500m_doy2010001_aid0059,ET_500m,aid0059,2010-01-01,1938.0,654.1,2112.8,"(654.1,2112.8)",1042.7433437,159.338677,25388.813983,1112.875,1370.8,1022.95,679.0,937.225
MOD16A3GF_006_ET_500m_doy2011001_aid0059,ET_500m,aid0059,2011-01-01,1938.0,699.2,1904.1,"(699.2,1904.1)",1056.9910217,143.6882229,20646.3053889,1136.3,1405.5,1033.2,699.2,955.4
MOD16A3GF_006_ET_500m_doy2012001_aid0059,ET_500m,aid0059,2012-01-01,1938.0,664.5,2080.6,"(664.5,2080.6)",1065.9674407,161.4206627,26056.6303589,1138.6,1397.4,1042.4,704.1,964.2
MOD16A3GF_006_ET_500m_doy2013001_aid0059,ET_500m,aid0059,2013-01-01,1938.0,642.8,1953.8,"(642.8,1953.8)",1032.8621775,160.6020865,25793.0301948,1120.825,1412.5,1010.3,642.8,925.25
MOD16A3GF_006_ET_500m_doy2014001_aid0059,ET_500m,aid0059,2014-01-01,1938.0,698.3,2134.6,"(698.3,2134.6)",1095.7780186,169.9030813,28867.0570504,1187.375,1505.1,1075.3,698.3,975.1
MOD16A3GF_006_ET_500m_doy2015001_aid0059,ET_500m,aid0059,2015-01-01,1938.0,418.2,2213.5,"(418.2,2213.5)",898.0870485,184.0095616,33859.5187435,992.9,1305.6,885.75,470.1,783.125
MOD16A3GF_006_ET_500m_doy2010001_aid0060,ET_500m,aid0060,2010-01-01,729.0,0.0,1932.2,"(0.0,1932.2)",1290.3504801,168.5803732,28419.3422254,1402.4,1714.0,1294.4,935.1,1177.7
MOD16A3GF_006_ET_500m_doy2011001_aid0060,ET_500m,aid0060,2011-01-01,729.0,0.0,1876.4,"(0.0,1876.4)",1274.2414266,164.7881428,27155.1320013,1370.7,1669.1,1272.3,953.1,1170.4
MOD16A3GF_006_ET_500m_doy2012001_aid0060,ET_500m,aid0060,2012-01-01,729.0,0.0,2016.0,"(0.0,2016.0)",1344.6840878,177.513542,31511.0575794,1460.8,1787.0,1346.0,986.4,1222.1
MOD16A3GF_006_ET_500m_doy2013001_aid0060,ET_500m,aid0060,2013-01-01,729.0,0.0,1910.4,"(0.0,1910.4)",1355.051166,181.4219246,32913.9147346,1479.1,1806.0,1354.0,968.6,1224.9
MOD16A3GF_006_ET_500m_doy2014001_aid0060,ET_500m,aid0060,2014-01-01,729.0,0.0,1971.4,"(0.0,1971.4)",1323.0215364,166.4784145,27715.0624854,1420.3,1734.0,1332.1,963.0,1210.9
MOD16A3GF_006_ET_500m_doy2015001_aid0060,ET_500m,aid0060,2015-01-01,729.0,0.0,1681.0,"(0.0,1681.0)",1154.8777778,183.0323556,33500.8431824,1278.6,1589.0,1161.2,764.5,1016.2
MOD16A3GF_006_ET_500m_doy2010001_aid0061,ET_500m,aid0061,2010-01-01,1448.0,748.8,1990.8,"(748.8,1990.8)",1138.2481354,189.0423664,35737.0163087,1259.225,1652.9,1104.45,748.8,996.25
MOD16A3GF_006_ET_500m_doy2011001_aid0061,ET_500m,aid0061,2011-01-01,1448.0,820.9,1831.5,"(820.9,1831.5)",1121.3412983,164.9449764,27206.8452281,1219.35,1548.8,1088.5,820.9,997.875
MOD16A3GF_006_ET_500m_doy2012001_aid0061,ET_500m,aid0061,2012-01-01,1448.0,839.2,2063.1,"(839.2,2063.1)",1206.7217541,174.8369785,30567.9690364,1321.275,1691.3,1179.7,839.2,1072.875
MOD16A3GF_006_ET_500m_doy2013001_aid0061,ET_500m,aid0061,2013-01-01,1448.0,810.2,1933.4,"(810.2,1933.4)",1161.2111188,167.6902569,28120.0222452,1266.875,1610.1,1137.25,810.2,1037.075
MOD16A3GF_006_ET_500m_doy2014001_aid0061,ET_500m,aid0061,2014-01-01,1448.0,804.3,1925.0,"(804.3,1925.0)",1223.1275552,187.8121097,35273.388557,1337.875,1722.2,1200.95,804.3,1081.275
MOD16A3GF_006_ET_500m_doy2015001_aid0061,ET_500m,aid0061,2015-01-01,1448.0,537.0,2126.6,"(537.0,2126.6)",997.385221,234.2583407,54876.9701959,1149.4,1645.4,951.0,537.0,812.95
MOD16A3GF_006_ET_500m_doy2010001_aid0062,ET_500m,aid0062,2010-01-01,2782.0,554.8,1708.3,"(554.8,1708.3)",892.6015097,116.0307005,13463.12347,945.475,1134.9,875.1,631.3,819.05
MOD16A3GF_006_ET_500m_doy2011001_aid0062,ET_500m,aid0062,2011-01-01,2782.0,573.1,1992.6,"(573.1,1992.6)",866.4938893,122.6558437,15044.4560015,911.2,1089.6,845.95,612.9,791.725
MOD16A3GF_006_ET_500m_doy2012001_aid0062,ET_500m,aid0062,2012-01-01,2782.0,454.2,1998.8,"(454.2,1998.8)",747.542739,152.5114533,23259.7433747,770.6,921.7,711.8,518.4,669.2
MOD16A3GF_006_ET_500m_doy2013001_aid0062,ET_500m,aid0062,2013-01-01,2782.0,511.9,1815.3,"(511.9,1815.3)",792.6295111,147.7092563,21818.0244095,823.175,988.9,763.15,549.0,712.45
MOD16A3GF_006_ET_500m_doy2014001_aid0062,ET_500m,aid0062,2014-01-01,2782.0,581.3,1650.7,"(581.3,1650.7)",880.3685478,138.7036892,19238.7133925,922.55,1108.0,854.9,613.5,798.3
MOD16A3GF_006_ET_500m_doy2015001_aid0062,ET_500m,aid0062,2015-01-01,2782.0,393.3,1590.2,"(393.3,1590.2)",706.2433501,140.0635615,19617.8012552,746.3,927.8,671.95,450.4,625.0
MOD16A3GF_006_ET_500m_doy2010001_aid0063,ET_500m,aid0063,2010-01-01,1064.0,934.2,1853.3,"(934.2,1853.3)",1360.8174812,145.1864703,21079.1111606,1469.55,1762.7,1353.7,937.3,1256.125
MOD16A3GF_006_ET_500m_doy2011001_aid0063,ET_500m,aid0063,2011-01-01,1064.0,941.0,1865.1,"(941.0,1865.1)",1343.2770677,138.8485822,19278.9287786,1434.85,1702.2,1335.65,972.4,1246.825
MOD16A3GF_006_ET_500m_doy2012001_aid0063,ET_500m,aid0063,2012-01-01,1064.0,993.5,1914.7,"(993.5,1914.7)",1418.4243421,149.3467933,22304.4646612,1534.4,1863.2,1405.2,993.5,1314.825
MOD16A3GF_006_ET_500m_doy2013001_aid0063,ET_500m,aid0063,2013-01-01,1064.0,926.5,1934.1,"(926.5,1934.1)",1385.8052632,145.8476647,21271.5412881,1480.1,1770.5,1387.4,991.9,1284.8
MOD16A3GF_006_ET_500m_doy2014001_aid0063,ET_500m,aid0063,2014-01-01,1064.0,998.3,2016.8,"(998.3,2016.8)",1434.7012218,160.7655974,25845.5773011,1555.025,1859.8,1420.0,998.3,1318.05
MOD16A3GF_006_ET_500m_doy2015001_aid0063,ET_500m,aid0063,2015-01-01,1064.0,783.2,1867.0,"(783.2,1867.0)",1282.6759398,203.7416876,41510.6752858,1424.325,1867.0,1262.0,783.2,1122.8
MOD16A3GF_006_ET_500m_doy2010001_aid0064,ET_500m,aid0064,2010-01-01,1497.0,1028.7,2203.5,"(1028.7,2203.5)",1404.0052104,157.1884526,24708.2096455,1503.1,1824.1,1381.1,1028.7,1287.0
MOD16A3GF_006_ET_500m_doy2011001_aid0064,ET_500m,aid0064,2011-01-01,1497.0,1021.8,1830.2,"(1021.8,1830.2)",1366.0997328,132.0397132,17434.485865,1435.8,1679.0,1354.1,1034.5,1272.9
MOD16A3GF_006_ET_500m_doy2012001_aid0064,ET_500m,aid0064,2012-01-01,1497.0,1047.4,2120.4,"(1047.4,2120.4)",1457.9742151,156.2729129,24421.2233164,1551.2,1858.1,1438.3,1047.4,1344.1
MOD16A3GF_006_ET_500m_doy2013001_aid0064,ET_500m,aid0064,2013-01-01,1497.0,1053.5,2037.6,"(1053.5,2037.6)",1412.1477622,140.2200777,19661.6702037,1496.4,1769.5,1404.3,1053.5,1313.3
MOD16A3GF_006_ET_500m_doy2014001_aid0064,ET_500m,aid0064,2014-01-01,1497.0,1030.6,2059.6,"(1030.6,2059.6)",1437.5628591,175.0817227,30653.6096159,1544.5,1888.0,1411.0,1030.6,1309.1
MOD16A3GF_006_ET_500m_doy2015001_aid0064,ET_500m,aid0064,2015-01-01,1497.0,791.7,2074.2,"(791.7,2074.2)",1270.142485,201.5190567,40609.9302324,1390.2,1783.8,1242.2,791.7,1120.2
MOD16A3GF_006_ET_500m_doy2010001_aid0065,ET_500m,aid0065,2010-01-01,1894.0,599.7,1197.8,"(599.7,1197.8)",853.0755544,83.6493548,6997.2145608,904.775,1066.7,848.7,633.1,795.65
MOD16A3GF_006_ET_500m_doy2011001_aid0065,ET_500m,aid0065,2011-01-01,1894.0,601.6,1333.3,"(601.6,1333.3)",872.4345301,83.9485337,7047.3563156,922.075,1085.4,868.5,653.5,813.1
MOD16A3GF_006_ET_500m_doy2012001_aid0065,ET_500m,aid0065,2012-01-01,1894.0,518.3,1077.1,"(518.3,1077.1)",753.1699578,79.0493097,6248.7933583,803.075,961.1,750.9,542.2,697.7
MOD16A3GF_006_ET_500m_doy2013001_aid0065,ET_500m,aid0065,2013-01-01,1894.0,524.7,1163.0,"(524.7,1163.0)",777.5665787,86.0530364,7405.1250657,835.75,1014.5,771.5,542.7,715.575
MOD16A3GF_006_ET_500m_doy2014001_aid0065,ET_500m,aid0065,2014-01-01,1894.0,591.5,1224.3,"(591.5,1224.3)",845.2212249,84.9354902,7214.0375009,901.0,1066.9,835.4,626.5,787.125
MOD16A3GF_006_ET_500m_doy2015001_aid0065,ET_500m,aid0065,2015-01-01,1894.0,450.5,1097.7,"(450.5,1097.7)",709.6659451,93.9375589,8824.2649807,769.0,958.7,697.6,450.5,641.525
MOD16A3GF_006_ET_500m_doy2010001_aid0066,ET_500m,aid0066,2010-01-01,16258.0,0.0,2231.9,"(0.0,2231.9)",1163.7833989,278.318495,77461.1846383,1316.875,1850.3,1114.55,559.8,960.2
MOD16A3GF_006_ET_500m_doy2011001_aid0066,ET_500m,aid0066,2011-01-01,16258.0,0.0,2185.7,"(0.0,2185.7)",1145.1539181,227.5201976,51765.4402986,1287.1,1747.2,1117.35,572.0,976.6
MOD16A3GF_006_ET_500m_doy2012001_aid0066,ET_500m,aid0066,2012-01-01,16258.0,0.0,2279.9,"(0.0,2279.9)",1179.8020728,265.4828962,70481.1681609,1309.4,1772.3,1130.9,555.3,1000.8
MOD16A3GF_006_ET_500m_doy2013001_aid0066,ET_500m,aid0066,2013-01-01,16258.0,0.0,2200.3,"(0.0,2200.3)",1117.2402633,250.4809236,62740.6931039,1260.175,1740.9,1082.8,503.4,938.1
MOD16A3GF_006_ET_500m_doy2014001_aid0066,ET_500m,aid0066,2014-01-01,16258.0,0.0,2254.0,"(0.0,2254.0)",1173.5682249,268.4650632,72073.4901811,1321.8,1831.5,1127.3,540.2,981.7
MOD16A3GF_006_ET_500m_doy2015001_aid0066,ET_500m,aid0066,2015-01-01,16258.0,0.0,2313.0,"(0.0,2313.0)",1079.0463341,305.5484716,93359.8684922,1254.175,1852.6,1037.7,357.3,854.9
MOD16A3GF_006_ET_500m_doy2010001_aid0068,ET_500m,aid0068,2010-01-01,2163.0,943.2,2256.6,"(943.2,2256.6)",1413.545215,207.3604241,42998.3454822,1581.45,2051.2,1385.9,943.2,1260.75
MOD16A3GF_006_ET_500m_doy2011001_aid0068,ET_500m,aid0068,2011-01-01,2163.0,941.0,2151.1,"(941.0,2151.1)",1384.7326861,183.865258,33806.4331018,1520.95,1908.7,1363.8,941.0,1258.8
MOD16A3GF_006_ET_500m_doy2012001_aid0068,ET_500m,aid0068,2012-01-01,2163.0,960.8,2518.9,"(960.8,2518.9)",1466.0577901,200.3875359,40155.1645567,1621.3,2035.2,1439.8,960.8,1325.1
MOD16A3GF_006_ET_500m_doy2013001_aid0068,ET_500m,aid0068,2013-01-01,2163.0,966.8,2317.1,"(966.8,2317.1)",1427.7111882,187.1189591,35013.5048679,1554.6,1927.3,1420.3,966.8,1296.5
MOD16A3GF_006_ET_500m_doy2014001_aid0068,ET_500m,aid0068,2014-01-01,2163.0,962.9,2289.5,"(962.9,2289.5)",1452.36135,220.1376899,48460.6025006,1627.1,2129.8,1411.0,962.9,1284.0
MOD16A3GF_006_ET_500m_doy2015001_aid0068,ET_500m,aid0068,2015-01-01,2163.0,717.1,2252.8,"(717.1,2252.8)",1280.9834951,259.7830211,67487.2180771,1459.85,2012.1,1230.2,717.1,1084.9
MOD16A3GF_006_ET_500m_doy2010001_aid0077,ET_500m,aid0077,2010-01-01,87.0,962.7,1796.3,"(962.7,1796.3)",1305.1747126,251.1058339,63054.1398203,1558.95,1796.3,1350.1,962.7,1056.35
MOD16A3GF_006_ET_500m_doy2011001_aid0077,ET_500m,aid0077,2011-01-01,87.0,966.7,1586.4,"(966.7,1586.4)",1257.7758621,221.6443978,49126.2390725,1467.65,1586.4,1318.3,966.7,1040.8
MOD16A3GF_006_ET_500m_doy2012001_aid0077,ET_500m,aid0077,2012-01-01,87.0,1032.0,1794.2,"(1032.0,1794.2)",1365.6264368,237.2640168,56294.2136689,1600.35,1794.2,1422.1,1032.0,1135.15
MOD16A3GF_006_ET_500m_doy2013001_aid0077,ET_500m,aid0077,2013-01-01,87.0,1021.7,1783.0,"(1021.7,1783.0)",1335.537931,238.6350656,56946.6945382,1563.9,1783.0,1394.1,1021.7,1101.85
MOD16A3GF_006_ET_500m_doy2014001_aid0077,ET_500m,aid0077,2014-01-01,87.0,1021.8,1913.3,"(1021.8,1913.3)",1378.0321839,275.3215556,75801.9589642,1638.0,1913.3,1405.9,1021.8,1106.65
MOD16A3GF_006_ET_500m_doy2015001_aid0077,ET_500m,aid0077,2015-01-01,87.0,790.6,1722.3,"(790.6,1722.3)",1222.2931034,321.7483731,103522.0155846,1573.95,1722.3,1243.4,790.6,912.15
MOD16A3GF_006_ET_500m_doy2010001_aid0078,ET_500m,aid0078,2010-01-01,2435.0,700.1,1962.4,"(700.1,1962.4)",1065.5692813,164.4168441,27032.8986375,1146.35,1430.9,1043.2,700.1,956.5
MOD16A3GF_006_ET_500m_doy2011001_aid0078,ET_500m,aid0078,2011-01-01,2435.0,655.3,2042.6,"(655.3,2042.6)",1104.6622177,153.7123579,23627.4889626,1178.95,1441.1,1078.3,750.5,1002.95
MOD16A3GF_006_ET_500m_doy2012001_aid0078,ET_500m,aid0078,2012-01-01,2435.0,551.2,1977.7,"(551.2,1977.7)",1098.3033676,168.6417701,28440.0466252,1177.7,1456.8,1075.6,720.6,991.3
MOD16A3GF_006_ET_500m_doy2013001_aid0078,ET_500m,aid0078,2013-01-01,2435.0,602.9,1653.7,"(602.9,1653.7)",998.8355236,150.2495179,22574.9176169,1081.15,1357.0,981.8,638.9,896.5
MOD16A3GF_006_ET_500m_doy2014001_aid0078,ET_500m,aid0078,2014-01-01,2435.0,687.9,1762.1,"(687.9,1762.1)",1130.8986037,153.1660621,23459.8425689,1222.3,1518.6,1115.4,740.4,1024.0
MOD16A3GF_006_ET_500m_doy2015001_aid0078,ET_500m,aid0078,2015-01-01,2435.0,428.7,1642.9,"(428.7,1642.9)",911.8,153.4652929,23551.596115,997.0,1275.6,897.5,542.1,810.35
MOD16A3GF_006_ET_500m_doy2010001_aid0079,ET_500m,aid0079,2010-01-01,3313.0,619.1,1851.7,"(619.1,1851.7)",1071.1522487,153.8877865,23681.4508439,1158.9,1446.1,1058.6,684.5,967.0
MOD16A3GF_006_ET_500m_doy2011001_aid0079,ET_500m,aid0079,2011-01-01,3313.0,669.7,1636.5,"(669.7,1636.5)",1066.1953215,136.1475421,18536.1532199,1136.8,1383.5,1048.7,734.2,971.8
MOD16A3GF_006_ET_500m_doy2012001_aid0079,ET_500m,aid0079,2012-01-01,3313.0,612.9,1715.1,"(612.9,1715.1)",1102.955569,144.899952,20995.996082,1186.6,1448.2,1094.2,746.4,1010.4
MOD16A3GF_006_ET_500m_doy2013001_aid0079,ET_500m,aid0079,2013-01-01,3313.0,578.4,2125.0,"(578.4,2125.0)",1045.7976758,151.4647695,22941.5763997,1129.8,1411.2,1029.1,659.9,941.2
MOD16A3GF_006_ET_500m_doy2014001_aid0079,ET_500m,aid0079,2014-01-01,3313.0,599.2,1895.4,"(599.2,1895.4)",1114.9876547,167.4975236,28055.4204241,1212.2,1522.9,1093.9,691.1,1003.5
MOD16A3GF_006_ET_500m_doy2015001_aid0079,ET_500m,aid0079,2015-01-01,3313.0,402.4,1667.5,"(402.4,1667.5)",964.1164805,167.4505565,28039.6888802,1061.7,1375.1,953.3,538.2,851.8
MOD16A3GF_006_ET_500m_doy2010001_aid0080,ET_500m,aid0080,2010-01-01,5001.0,508.9,1978.9,"(508.9,1978.9)",942.9882424,187.3940816,35116.5418174,1005.0,1270.7,904.9,562.5,827.7
MOD16A3GF_006_ET_500m_doy2011001_aid0080,ET_500m,aid0080,2011-01-01,5001.0,578.8,1723.2,"(578.8,1723.2)",958.6216757,177.8941709,31646.3360429,1025.7,1295.2,922.7,578.8,843.6
MOD16A3GF_006_ET_500m_doy2012001_aid0080,ET_500m,aid0080,2012-01-01,5001.0,486.4,2074.4,"(486.4,2074.4)",879.09986,202.9862256,41203.4077924,951.8,1258.1,831.9,486.4,747.6
MOD16A3GF_006_ET_500m_doy2013001_aid0080,ET_500m,aid0080,2013-01-01,5001.0,479.3,2044.1,"(479.3,2044.1)",880.5431514,201.2123527,40486.4108874,964.5,1288.4,834.6,479.3,748.2
MOD16A3GF_006_ET_500m_doy2014001_aid0080,ET_500m,aid0080,2014-01-01,5001.0,524.9,2028.2,"(524.9,2028.2)",939.639892,201.7933777,40720.5672849,1025.9,1362.1,891.9,524.9,801.2
MOD16A3GF_006_ET_500m_doy2015001_aid0080,ET_500m,aid0080,2015-01-01,5001.0,392.9,1731.2,"(392.9,1731.2)",807.8695861,207.1725838,42920.4794649,885.3,1207.5,757.6,392.9,670.2
MOD16A3GF_006_ET_500m_doy2010001_aid0081,ET_500m,aid0081,2010-01-01,2276.0,521.7,1696.5,"(521.7,1696.5)",914.5938049,146.0844663,21340.6712841,968.525,1184.5,886.95,617.0,824.175
MOD16A3GF_006_ET_500m_doy2011001_aid0081,ET_500m,aid0081,2011-01-01,2276.0,594.7,1561.2,"(594.7,1561.2)",947.5494288,132.6408323,17593.5903995,1005.6,1218.0,922.65,659.4,860.1
MOD16A3GF_006_ET_500m_doy2012001_aid0081,ET_500m,aid0081,2012-01-01,2276.0,547.4,1643.0,"(547.4,1643.0)",884.0067223,150.8764556,22763.704845,944.2,1182.0,850.05,547.4,784.875
MOD16A3GF_006_ET_500m_doy2013001_aid0081,ET_500m,aid0081,2013-01-01,2276.0,508.1,1681.0,"(508.1,1681.0)",863.4802285,156.2619712,24417.8036337,927.25,1175.4,824.55,532.4,761.35
MOD16A3GF_006_ET_500m_doy2014001_aid0081,ET_500m,aid0081,2014-01-01,2276.0,553.4,1622.0,"(553.4,1622.0)",896.4748682,131.4347291,17275.0880064,953.05,1159.0,869.7,609.8,814.4
MOD16A3GF_006_ET_500m_doy2015001_aid0081,ET_500m,aid0081,2015-01-01,2276.0,409.6,1819.1,"(409.6,1819.1)",772.6282953,171.6276141,29456.0379164,826.9,1063.1,735.15,434.6,667.275
MOD16A3GF_006_ET_500m_doy2010001_aid0083,ET_500m,aid0083,2010-01-01,6919.0,671.2,2301.4,"(671.2,2301.4)",1374.0618587,272.8757023,74461.1489008,1625.95,2301.4,1380.6,671.2,1154.3
MOD16A3GF_006_ET_500m_doy2011001_aid0083,ET_500m,aid0083,2011-01-01,6919.0,726.5,2186.1,"(726.5,2186.1)",1332.2977887,235.4170838,55421.2033236,1536.25,2120.0,1330.7,726.5,1141.95
MOD16A3GF_006_ET_500m_doy2012001_aid0083,ET_500m,aid0083,2012-01-01,6919.0,750.8,2443.6,"(750.8,2443.6)",1457.3683625,267.8712023,71754.9810153,1685.65,2345.7,1452.1,750.8,1245.1
MOD16A3GF_006_ET_500m_doy2013001_aid0083,ET_500m,aid0083,2013-01-01,6919.0,693.8,2322.5,"(693.8,2322.5)",1363.0068362,260.3087795,67760.66066,1587.9,2227.7,1365.3,693.8,1153.55
MOD16A3GF_006_ET_500m_doy2014001_aid0083,ET_500m,aid0083,2014-01-01,6919.0,708.7,2433.5,"(708.7,2433.5)",1401.7300043,273.908007,75025.5962959,1629.15,2271.7,1397.1,708.7,1196.75
MOD16A3GF_006_ET_500m_doy2015001_aid0083,ET_500m,aid0083,2015-01-01,6919.0,500.8,2308.1,"(500.8,2308.1)",1257.2519295,309.1066976,95546.9505177,1536.1,2308.1,1209.1,500.8,1014.6
MOD16A3GF_006_ET_500m_doy2010001_aid0088,ET_500m,aid0088,2010-01-01,11636.0,0.0,2194.8,"(0.0,2194.8)",1139.4035235,258.9564351,67058.4352729,1295.525,1816.6,1083.2,584.4,946.275
MOD16A3GF_006_ET_500m_doy2011001_aid0088,ET_500m,aid0088,2011-01-01,11636.0,0.0,2274.0,"(0.0,2274.0)",1175.9529134,240.5872877,57882.243002,1319.225,1808.9,1133.65,554.3,991.5
MOD16A3GF_006_ET_500m_doy2012001_aid0088,ET_500m,aid0088,2012-01-01,11636.0,0.0,2344.5,"(0.0,2344.5)",1134.9693194,257.4148271,66262.3932045,1259.1,1731.0,1087.85,569.2,944.475
MOD16A3GF_006_ET_500m_doy2013001_aid0088,ET_500m,aid0088,2013-01-01,11636.0,0.0,2577.0,"(0.0,2577.0)",1075.6194569,255.1359883,65094.3725279,1197.3,1653.2,1014.7,550.5,893.3
MOD16A3GF_006_ET_500m_doy2014001_aid0088,ET_500m,aid0088,2014-01-01,11636.0,0.0,2384.0,"(0.0,2384.0)",1187.3251375,276.3061905,76345.1109262,1331.75,1855.0,1122.1,585.2,982.4
MOD16A3GF_006_ET_500m_doy2015001_aid0088,ET_500m,aid0088,2015-01-01,11636.0,0.0,2372.2,"(0.0,2372.2)",1037.0410107,306.0932223,93693.0607227,1206.075,1814.5,973.0,409.2,799.975
MOD16A3GF_006_ET_500m_doy2010001_aid0094,ET_500m,aid0094,2010-01-01,5582.0,578.1,1836.4,"(578.1,1836.4)",930.2748656,155.1685694,24077.2849451,987.775,1219.9,898.75,602.3,832.8
MOD16A3GF_006_ET_500m_doy2011001_aid0094,ET_500m,aid0094,2011-01-01,5582.0,566.8,1844.0,"(566.8,1844.0)",936.7334468,154.284992,23803.8587613,1000.25,1247.6,905.9,588.9,834.725
MOD16A3GF_006_ET_500m_doy2012001_aid0094,ET_500m,aid0094,2012-01-01,5582.0,475.1,2114.8,"(475.1,2114.8)",855.5263705,193.6089486,37484.42498,908.35,1167.2,803.45,534.4,735.3
MOD16A3GF_006_ET_500m_doy2013001_aid0094,ET_500m,aid0094,2013-01-01,5582.0,463.8,1941.8,"(463.8,1941.8)",867.0704407,182.9508657,33471.0192481,921.5,1174.8,819.95,501.6,752.5
MOD16A3GF_006_ET_500m_doy2014001_aid0094,ET_500m,aid0094,2014-01-01,5582.0,553.2,1885.9,"(553.2,1885.9)",956.307363,168.6413401,28439.9015886,1014.8,1261.8,921.3,603.5,850.1
MOD16A3GF_006_ET_500m_doy2015001_aid0094,ET_500m,aid0094,2015-01-01,5582.0,388.0,1767.4,"(388.0,1767.4)",750.5774633,162.220337,26315.4377221,812.15,1063.3,711.95,404.0,644.3
MOD16A3GF_006_ET_500m_doy2010001_aid0097,ET_500m,aid0097,2010-01-01,3093.0,545.8,2043.5,"(545.8,2043.5)",1281.681054,290.5463836,84417.2010054,1556.1,2043.5,1298.4,545.8,1031.3
MOD16A3GF_006_ET_500m_doy2011001_aid0097,ET_500m,aid0097,2011-01-01,3093.0,613.8,1947.8,"(613.8,1947.8)",1220.8302296,221.7732226,49183.3622579,1416.1,1947.8,1234.7,613.8,1029.5
MOD16A3GF_006_ET_500m_doy2012001_aid0097,ET_500m,aid0097,2012-01-01,3093.0,557.7,1879.7,"(557.7,1879.7)",1294.9919819,297.1106223,88274.7218691,1599.4,1879.7,1247.1,557.7,1042.5
MOD16A3GF_006_ET_500m_doy2013001_aid0097,ET_500m,aid0097,2013-01-01,3093.0,537.6,1778.3,"(537.6,1778.3)",1195.4825736,238.9188375,57082.2109314,1412.2,1778.3,1187.4,537.6,1005.6
MOD16A3GF_006_ET_500m_doy2014001_aid0097,ET_500m,aid0097,2014-01-01,3093.0,554.0,2126.0,"(554.0,2126.0)",1301.7264468,253.142997,64081.3769275,1520.5,2126.0,1316.2,554.0,1097.0
MOD16A3GF_006_ET_500m_doy2015001_aid0097,ET_500m,aid0097,2015-01-01,3093.0,388.1,1938.7,"(388.1,1938.7)",1193.3040737,311.227722,96862.6949204,1469.2,1938.7,1209.7,388.1,942.8
MOD16A3GF_006_ET_500m_doy2010001_aid0098,ET_500m,aid0098,2010-01-01,3413.0,624.9,2022.4,"(624.9,2022.4)",1179.4323469,206.1748085,42508.0516522,1282.4,1645.7,1144.4,711.2,1038.5
MOD16A3GF_006_ET_500m_doy2011001_aid0098,ET_500m,aid0098,2011-01-01,3413.0,636.1,1878.1,"(636.1,1878.1)",1146.2273953,173.4484515,30084.3653292,1237.8,1550.8,1122.4,726.1,1028.4
MOD16A3GF_006_ET_500m_doy2012001_aid0098,ET_500m,aid0098,2012-01-01,3413.0,651.4,2225.2,"(651.4,2225.2)",1173.4827718,195.761632,38322.6165798,1256.8,1566.7,1139.0,742.8,1050.2
MOD16A3GF_006_ET_500m_doy2013001_aid0098,ET_500m,aid0098,2013-01-01,3413.0,424.7,2147.4,"(424.7,2147.4)",1091.7971579,186.5886924,34815.3401238,1185.7,1510.0,1065.1,665.7,968.6
MOD16A3GF_006_ET_500m_doy2014001_aid0098,ET_500m,aid0098,2014-01-01,3413.0,674.5,2123.0,"(674.5,2123.0)",1202.8317023,197.7025094,39086.2822355,1309.6,1672.9,1173.2,712.8,1066.2
MOD16A3GF_006_ET_500m_doy2015001_aid0098,ET_500m,aid0098,2015-01-01,3413.0,450.3,1936.4,"(450.3,1936.4)",1067.2532376,220.6751564,48697.5246401,1179.6,1568.5,1037.9,569.3,920.1
MOD16A3GF_006_ET_500m_doy2010001_aid0099,ET_500m,aid0099,2010-01-01,2295.0,534.7,2178.4,"(534.7,2178.4)",949.6853595,191.2025663,36558.421363,1027.25,1329.8,907.4,534.7,825.05
MOD16A3GF_006_ET_500m_doy2011001_aid0099,ET_500m,aid0099,2011-01-01,2295.0,547.0,1918.3,"(547.0,1918.3)",963.6466231,177.6173383,31547.9188808,1038.6,1321.0,933.4,569.3,849.55
MOD16A3GF_006_ET_500m_doy2012001_aid0099,ET_500m,aid0099,2012-01-01,2295.0,536.6,1957.2,"(536.6,1957.2)",913.5372549,158.513109,25126.4057101,986.3,1253.2,883.6,552.5,806.45
MOD16A3GF_006_ET_500m_doy2013001_aid0099,ET_500m,aid0099,2013-01-01,2295.0,515.9,2170.6,"(515.9,2170.6)",921.144793,179.9959205,32398.5314053,999.35,1287.0,880.0,543.0,807.45
MOD16A3GF_006_ET_500m_doy2014001_aid0099,ET_500m,aid0099,2014-01-01,2295.0,596.0,2286.2,"(596.0,2286.2)",1016.9866667,186.947232,34949.2675608,1097.15,1406.7,979.8,596.0,890.2
MOD16A3GF_006_ET_500m_doy2015001_aid0099,ET_500m,aid0099,2015-01-01,2295.0,455.9,2141.5,"(455.9,2141.5)",828.1494989,194.1187573,37682.0919377,908.35,1215.9,786.5,455.9,702.3
MOD16A3GF_006_ET_500m_doy2010001_aid0100,ET_500m,aid0100,2010-01-01,5837.0,0.0,2413.9,"(0.0,2413.9)",1323.8995203,333.8828591,111477.7635701,1652.4,2413.9,1306.4,533.3,1025.0
MOD16A3GF_006_ET_500m_doy2011001_aid0100,ET_500m,aid0100,2011-01-01,5837.0,0.0,2254.6,"(0.0,2254.6)",1329.1108103,306.8815644,94176.2945568,1611.5,2254.6,1311.5,575.2,1062.1
MOD16A3GF_006_ET_500m_doy2012001_aid0100,ET_500m,aid0100,2012-01-01,5837.0,0.0,2369.7,"(0.0,2369.7)",1396.8017303,366.8511959,134579.7999405,1744.1,2369.7,1424.6,576.5,1052.8
MOD16A3GF_006_ET_500m_doy2013001_aid0100,ET_500m,aid0100,2013-01-01,5837.0,0.0,2306.9,"(0.0,2306.9)",1369.5723659,336.7556957,113404.3985733,1660.9,2306.9,1412.5,535.5,1065.7
MOD16A3GF_006_ET_500m_doy2014001_aid0100,ET_500m,aid0100,2014-01-01,5837.0,0.0,2348.1,"(0.0,2348.1)",1391.9387699,332.4620091,110530.9875169,1701.1,2348.1,1395.5,621.3,1094.9
MOD16A3GF_006_ET_500m_doy2015001_aid0100,ET_500m,aid0100,2015-01-01,5837.0,0.0,2414.5,"(0.0,2414.5)",1312.0553195,389.4225456,151649.9190144,1688.8,2414.5,1300.3,0.0,957.5
MOD16A3GF_006_ET_500m_doy2010001_aid0101,ET_500m,aid0101,2010-01-01,35.0,1001.4,1223.3,"(1001.4,1223.3)",1077.78,48.5602942,2358.1021714,1100.6,1186.9,1068.2,1001.4,1042.75
MOD16A3GF_006_ET_500m_doy2011001_aid0101,ET_500m,aid0101,2011-01-01,35.0,987.6,1189.6,"(987.6,1189.6)",1060.22,48.9721425,2398.2707429,1078.95,1151.5,1055.6,987.6,1025.3
MOD16A3GF_006_ET_500m_doy2012001_aid0101,ET_500m,aid0101,2012-01-01,35.0,1049.3,1304.2,"(1049.3,1304.2)",1126.84,55.1658031,3043.2658286,1170.65,1240.9,1112.5,1049.3,1084.4
MOD16A3GF_006_ET_500m_doy2013001_aid0101,ET_500m,aid0101,2013-01-01,35.0,1002.8,1220.7,"(1002.8,1220.7)",1065.0628571,46.4504226,2157.6417633,1075.4,1128.2,1048.8,1002.8,1036.4
MOD16A3GF_006_ET_500m_doy2014001_aid0101,ET_500m,aid0101,2014-01-01,35.0,996.9,1247.1,"(996.9,1247.1)",1058.6771429,43.3890578,1882.6103347,1081.45,1115.5,1045.1,996.9,1032.9
MOD16A3GF_006_ET_500m_doy2015001_aid0101,ET_500m,aid0101,2015-01-01,35.0,1051.2,1246.3,"(1051.2,1246.3)",1115.7714286,46.8856821,2198.2671837,1142.6,1212.3,1112.9,1051.2,1082.35
